analysis	cluster	value	lrt_p	lrt_fdr	est	sd	z	p	est_low	est_high
Tissue CD8 T cells	1	(Intercept)	0.180444744018212	0.309333846888363	-1.44105536019713	0.149172787345555	-9.6603099388293	4.44517045918259e-22	-1.73342865086787	-1.14868206952639
Tissue CD8 T cells	1	drugPD-1/CTLA-4	0.180444744018212	0.309333846888363	-0.331192776112568	0.235056994053949	-1.40898924299421	0.158838348934547	-0.791896018772553	0.129510466547417
Tissue CD8 T cells	1	sexM	0.180444744018212	0.309333846888363	0.133062317978341	0.256516457034844	0.518728192009399	0.603950299160506	-0.369700699251769	0.635825335208452
Tissue CD8 T cells	10	(Intercept)	0.0521192357321756	0.208476942928702	-4.14743137781245	0.154763558583029	-26.7985009894135	3.36387005811385e-158	-4.45076237875444	-3.84410037687046
Tissue CD8 T cells	10	drugPD-1/CTLA-4	0.0521192357321756	0.208476942928702	0.526262774914401	0.229034228238076	2.29774727979681	0.021576176918139	0.0773639363408458	0.975161613487957
Tissue CD8 T cells	10	sexM	0.0521192357321756	0.208476942928702	0.351389530054355	0.249444010696815	1.40869098870227	0.158926560657396	-0.137511747070627	0.840290807179336
Tissue CD8 T cells	11	(Intercept)	0.000362094728285948	0.00434513673943138	-4.65433557469866	0.130615594266672	-35.6338429636214	4.1929330090443e-278	-4.91033743528063	-4.39833371411669
Tissue CD8 T cells	11	drugPD-1/CTLA-4	0.000362094728285948	0.00434513673943138	0.856160532475199	0.174099720071403	4.91764450927357	8.75917919827515e-07	0.514931351416745	1.19738971353365
Tissue CD8 T cells	11	sexM	0.000362094728285948	0.00434513673943138	0.0934714787638076	0.212607162443876	0.439644072614355	0.660194914946488	-0.323230902481447	0.510173860009062
Tissue CD8 T cells	12	(Intercept)	0.245205933201996	0.367808899802994	-5.16370755290139	0.252383971293262	-20.4597285891081	4.92114890310951e-93	-5.65837104691138	-4.66904405889141
Tissue CD8 T cells	12	drugPD-1/CTLA-4	0.245205933201996	0.367808899802994	-0.489818129857065	0.418989910767877	-1.16904516616971	0.242385434493052	-1.31102326484775	0.331387005133624
Tissue CD8 T cells	12	sexM	0.245205933201996	0.367808899802994	1.46963150288687	0.383156448409836	3.83559120298271	0.000125262611279711	0.71865866355931	2.22060434221443
Tissue CD8 T cells	2	(Intercept)	0.079576047036957	0.222334229264145	-1.45436364389431	0.101073043473858	-14.3892337057256	6.04621014831968e-47	-1.65246316891093	-1.2562641188777
Tissue CD8 T cells	2	drugPD-1/CTLA-4	0.079576047036957	0.222334229264145	-0.303286033432199	0.15943947123498	-1.90220170126642	0.0571447905145391	-0.61578165476687	0.009209587902473
Tissue CD8 T cells	2	sexM	0.079576047036957	0.222334229264145	-0.146036637177582	0.175167847843308	-0.833695446827747	0.404452624545029	-0.489359310199858	0.197286035844695
Tissue CD8 T cells	3	(Intercept)	0.00414149514569925	0.0248489708741955	-2.07192990797377	0.10604829698007	-19.5376066092146	5.25910887291598e-85	-2.27978075067651	-1.86407906527102
Tissue CD8 T cells	3	drugPD-1/CTLA-4	0.00414149514569925	0.0248489708741955	0.606311521019217	0.165070259967982	3.67305122762162	0.000239671412147431	0.282779756563309	0.929843285475125
Tissue CD8 T cells	3	sexM	0.00414149514569925	0.0248489708741955	-0.211614061988785	0.184796923514093	-1.14511680153943	0.25216077645547	-0.57380937653021	0.15058125255264
Tissue CD8 T cells	4	(Intercept)	0.0926392621933939	0.222334229264145	-2.18395960687698	0.136372781111604	-16.0146298189056	1.0100606126933e-57	-2.45124534632728	-1.91667386742667
Tissue CD8 T cells	4	drugPD-1/CTLA-4	0.0926392621933939	0.222334229264145	0.401236294073295	0.213965311056252	1.87523992600749	0.0607597237210059	-0.0181280095378688	0.820600597684459
Tissue CD8 T cells	4	sexM	0.0926392621933939	0.222334229264145	0.0166636344472207	0.236926051674805	0.0703326389370323	0.943928904706448	-0.447702893834673	0.481030162729115
Tissue CD8 T cells	5	(Intercept)	0.126344880294608	0.252689760589216	-2.33404283150604	0.129079893789177	-18.0821564303281	4.40512587162732e-73	-2.58703477446108	-2.081050888551
Tissue CD8 T cells	5	drugPD-1/CTLA-4	0.126344880294608	0.252689760589216	-0.346029755970082	0.206654986257165	-1.67443216462959	0.0940456958354303	-0.751066086259745	0.0590065743195803
Tissue CD8 T cells	5	sexM	0.126344880294608	0.252689760589216	0.0891790506632681	0.229957843059095	0.387806084267153	0.698159542632978	-0.361530039695072	0.539888141021608
Tissue CD8 T cells	6	(Intercept)	0.654124454669807	0.872165939559743	-2.61275216930244	0.113957003552948	-22.9275260654644	2.46976283430862e-116	-2.83610379205232	-2.38940054655256
Tissue CD8 T cells	6	drugPD-1/CTLA-4	0.654124454669807	0.872165939559743	-0.0807826242730632	0.178577529934991	-0.452367239609995	0.651004443582245	-0.430788151393769	0.269222902847643
Tissue CD8 T cells	6	sexM	0.654124454669807	0.872165939559743	0.302648200539578	0.192397625203452	1.57303501131857	0.115710711536091	-0.0744442155702247	0.67974061664938
Tissue CD8 T cells	7	(Intercept)	0.993876320113512	0.993876320113512	-2.34632181512505	0.143280047279815	-16.3757749921931	2.84855807919264e-60	-2.62714554749668	-2.06549808275342
Tissue CD8 T cells	7	drugPD-1/CTLA-4	0.993876320113512	0.993876320113512	0.00174791757878021	0.22800554850463	0.00766611861090178	0.99388338223077	-0.445134745765594	0.448630580923155
Tissue CD8 T cells	7	sexM	0.993876320113512	0.993876320113512	0.0149813316996568	0.253105352375474	0.0591901022995061	0.952800693042589	-0.481096043250592	0.511058706649906
Tissue CD8 T cells	8	(Intercept)	0.888085376795126	0.968820411049228	-2.76518855530214	0.302830277175302	-9.13114957029685	6.77757297387296e-20	-3.35872499199401	-2.17165211861026
Tissue CD8 T cells	8	drugPD-1/CTLA-4	0.888085376795126	0.968820411049228	-0.0669096139811855	0.475097026355919	-0.140833577710209	0.888001416242219	-0.998082674800864	0.864263446838493
Tissue CD8 T cells	8	sexM	0.888085376795126	0.968820411049228	0.230930481309362	0.517548316745877	0.446200816111922	0.655452193464466	-0.783445579771885	1.24530654239061
Tissue CD8 T cells	9	(Intercept)	0.872698267053299	0.968820411049228	-3.66339005539041	0.112280450897475	-32.6271405761945	1.69097039956948e-233	-3.88345569531738	-3.44332441546344
Tissue CD8 T cells	9	drugPD-1/CTLA-4	0.872698267053299	0.968820411049228	0.0301803164062861	0.186614113128987	0.161725798227413	0.871521787928414	-0.335576624333411	0.395937257145983
Tissue CD8 T cells	9	sexM	0.872698267053299	0.968820411049228	-0.259407145487148	0.20279159356321	-1.27918096075462	0.200833338815173	-0.656871365238525	0.138057074264228
Tissue CD4 T cells	1	(Intercept)	0.0440057865674173	0.203435058945098	-1.91623244413511	0.162090801163276	-11.8219691085669	3.00555951635364e-32	-2.23392457664037	-1.59854031162984
Tissue CD4 T cells	1	drugPD-1/CTLA-4	0.0440057865674173	0.203435058945098	0.560270795356298	0.240918339306879	2.32556308070275	0.0200418710534072	0.0880795270996138	1.03246206361298
Tissue CD4 T cells	1	sexM	0.0440057865674173	0.203435058945098	-0.585289788968735	0.269229592383838	-2.17394300450558	0.029709415850618	-1.11297009361346	-0.0576094843240127
Tissue CD4 T cells	10	(Intercept)	0.779831626643177	0.835925980766607	-4.91609963349843	0.190103016692356	-25.8601873817402	1.86895081016397e-147	-5.28869469956786	-4.54350456742899
Tissue CD4 T cells	10	drugPD-1/CTLA-4	0.779831626643177	0.835925980766607	0.0778262055583627	0.277818333490198	0.280133440369617	0.779375129670435	-0.466687722327363	0.622340133444089
Tissue CD4 T cells	10	sexM	0.779831626643177	0.835925980766607	0.193476561000339	0.288744442814096	0.67006159188631	0.502818527757572	-0.372452147651374	0.759405269652051
Tissue CD4 T cells	2	(Intercept)	0.835925980766607	0.835925980766607	-1.75883840557928	0.140925573993069	-12.4806190653925	9.5243237829588e-36	-2.03504745510633	-1.48262935605223
Tissue CD4 T cells	2	drugPD-1/CTLA-4	0.835925980766607	0.835925980766607	-0.0440614577078266	0.212459873535559	-0.207387197283878	0.835707480348185	-0.460475157997457	0.372352242581803
Tissue CD4 T cells	2	sexM	0.835925980766607	0.835925980766607	0.187652671842042	0.231901514511671	0.809191230325483	0.418405158480361	-0.266865944561126	0.642171288245209
Tissue CD4 T cells	3	(Intercept)	0.63474641275783	0.793433015947288	-1.9676588467462	0.171742606448362	-11.4570221533106	2.16842683442219e-30	-2.30426816999602	-1.63104952349637
Tissue CD4 T cells	3	drugPD-1/CTLA-4	0.63474641275783	0.793433015947288	-0.12502458965569	0.262633959521171	-0.476041216770415	0.634045014295779	-0.639777691434335	0.389728512122955
Tissue CD4 T cells	3	sexM	0.63474641275783	0.793433015947288	-0.349254580313907	0.289715398329147	-1.20550920775401	0.228006785588981	-0.917086326805711	0.218577166177896
Tissue CD4 T cells	4	(Intercept)	0.228535150703086	0.380891917838476	-2.18312703550324	0.173037877038901	-12.6164691387912	1.71332436408426e-36	-2.52227504246076	-1.84397902854572
Tissue CD4 T cells	4	drugPD-1/CTLA-4	0.228535150703086	0.380891917838476	0.32963045376311	0.249529898921287	1.32100584013417	0.186499416930192	-0.159439161188533	0.818700068714753
Tissue CD4 T cells	4	sexM	0.228535150703086	0.380891917838476	0.693632049083005	0.268749051331199	2.58096557233309	0.00985244066600658	0.166893587594548	1.22037051057146
Tissue CD4 T cells	5	(Intercept)	0.192676337692938	0.380891917838476	-1.64473241334882	0.0932898174693534	-17.6303530006276	1.44064777563146e-69	-1.82757709571307	-1.46188773098457
Tissue CD4 T cells	5	drugPD-1/CTLA-4	0.192676337692938	0.380891917838476	-0.19507471448247	0.140001086824546	-1.39338000087774	0.16350491011545	-0.469471802455044	0.0793223734901047
Tissue CD4 T cells	5	sexM	0.192676337692938	0.380891917838476	0.0256693921555307	0.15367424949556	0.167037693301196	0.867340390584063	-0.275526602206989	0.32686538651805
Tissue CD4 T cells	6	(Intercept)	0.0300072684726219	0.203435058945098	-2.283748070385	0.151651468580546	-15.0591886234985	3.00451769903703e-51	-2.58097948700547	-1.98651665376452
Tissue CD4 T cells	6	drugPD-1/CTLA-4	0.0300072684726219	0.203435058945098	-0.555483513820508	0.235726970212547	-2.35646991652948	0.018449561970613	-1.01749988562185	-0.0934671420191697
Tissue CD4 T cells	6	sexM	0.0300072684726219	0.203435058945098	-0.329660806538602	0.260288522133604	-1.26652072030049	0.205326715961956	-0.839816935509623	0.180495322432418
Tissue CD4 T cells	7	(Intercept)	0.0813740235780392	0.203435058945098	-2.14283050422952	0.128620229968087	-16.6601358492454	2.55443593418523e-62	-2.39492152265023	-1.89073948580881
Tissue CD4 T cells	7	drugPD-1/CTLA-4	0.0813740235780392	0.203435058945098	-0.374983439804169	0.194559540114845	-1.92734542640687	0.053936595916365	-0.756313131277941	0.00634625166960207
Tissue CD4 T cells	7	sexM	0.0813740235780392	0.203435058945098	0.0907952609480858	0.211781044143994	0.428722321750159	0.668125314209305	-0.324287958182429	0.5058784800786
Tissue CD4 T cells	8	(Intercept)	0.0678683675339685	0.203435058945098	-2.34056548689508	0.07109674622204	-32.920852377482	1.1058211858087e-237	-2.47991254890826	-2.2012184248819
Tissue CD4 T cells	8	drugPD-1/CTLA-4	0.0678683675339685	0.203435058945098	-0.217506491896106	0.110257386895406	-1.97271582449565	0.0485279480230771	-0.4336069992406	-0.00140598455161209
Tissue CD4 T cells	8	sexM	0.0678683675339685	0.203435058945098	-0.00727902487026144	0.116840631914576	-0.0622987461723354	0.950324926948749	-0.236282455353732	0.221724405613209
Tissue CD4 T cells	9	(Intercept)	0.509788978765388	0.728269969664839	-3.62324702349232	0.160515743985754	-22.5725335940497	8.06876788786577e-113	-3.93785210065605	-3.30864194632859
Tissue CD4 T cells	9	drugPD-1/CTLA-4	0.509788978765388	0.728269969664839	-0.161227976375227	0.240337361818677	-0.670840252032332	0.50232230194262	-0.632280549679206	0.309824596928752
Tissue CD4 T cells	9	sexM	0.509788978765388	0.728269969664839	0.141114478366354	0.257637476560403	0.547724967075084	0.583880766009904	-0.363845696759818	0.646074653492527
Tissue Myeloid cells	1	(Intercept)	0.00511677474725105	0.0409341979780084	-1.53474202095237	0.127033982846743	-12.0813500967212	1.32525648512595e-33	-1.78372405214467	-1.28575998976008
Tissue Myeloid cells	1	drugPD-1/CTLA-4	0.00511677474725105	0.0409341979780084	-0.666723335437095	0.172510102654868	-3.8648364656705	0.000111163654297717	-1.00483692360994	-0.328609747264247
Tissue Myeloid cells	1	sexM	0.00511677474725105	0.0409341979780084	-0.635358238886509	0.230847178002232	-2.75228939069104	0.00591801986798549	-1.08781039370359	-0.182906084069428
Tissue Myeloid cells	2	(Intercept)	0.803005328491018	0.926981334138098	-1.54488421776264	0.159564959049689	-9.68185137240287	3.601344089961e-22	-1.85762579069464	-1.23214264483064
Tissue Myeloid cells	2	drugPD-1/CTLA-4	0.803005328491018	0.926981334138098	-0.0559621616759277	0.223938567306681	-0.249899614653193	0.802664981234174	-0.494873688346522	0.382949364994666
Tissue Myeloid cells	2	sexM	0.803005328491018	0.926981334138098	-0.108736349965636	0.260489743567337	-0.417430446498664	0.676363588860136	-0.61928686569969	0.401814165768419
Tissue Myeloid cells	3	(Intercept)	0.916400917679461	0.926981334138098	-1.94230510044546	0.335475666713559	-5.78970486733952	7.05102077656668e-09	-2.5998253248936	-1.28478487599732
Tissue Myeloid cells	3	drugPD-1/CTLA-4	0.916400917679461	0.926981334138098	0.0535440569666909	0.510258115896937	0.104935238261856	0.916427197225876	-0.94654347301057	1.05363158694395
Tissue Myeloid cells	3	sexM	0.916400917679461	0.926981334138098	0.633019990762063	0.558034932039049	1.13437341359441	0.256637946322584	-0.460708378149731	1.72674835967386
Tissue Myeloid cells	4	(Intercept)	0.13752309582542	0.55009238330168	-2.19062765007874	0.324407566371946	-6.75270208576794	1.45116724696289e-11	-2.82645479648004	-1.55480050367744
Tissue Myeloid cells	4	drugPD-1/CTLA-4	0.13752309582542	0.55009238330168	0.713946424983985	0.467380966311877	1.52754706854617	0.126625032359851	-0.202103436046821	1.62999628601479
Tissue Myeloid cells	4	sexM	0.13752309582542	0.55009238330168	0.309542243679814	0.512970367903719	0.603431042118037	0.546221976712758	-0.695861202547737	1.31494568990736
Tissue Myeloid cells	5	(Intercept)	0.466450978694498	0.852027345880919	-1.92424150200021	0.245225467992405	-7.84682568965392	4.26699672134091e-15	-2.4048745873573	-1.44360841664311
Tissue Myeloid cells	5	drugPD-1/CTLA-4	0.466450978694498	0.852027345880919	0.285727992090118	0.36841021107622	0.775570229868042	0.438002783659549	-0.436342753156072	1.00779873733631
Tissue Myeloid cells	5	sexM	0.466450978694498	0.852027345880919	-0.173250818521623	0.423445805843617	-0.409145199056727	0.682433107983864	-1.00318934737965	0.656687710336406
Tissue Myeloid cells	6	(Intercept)	0.926981334138098	0.926981334138098	-2.34534957514843	0.379375409048752	-6.18213389483828	6.32408497378409e-10	-3.08891171350413	-1.60178743679272
Tissue Myeloid cells	6	drugPD-1/CTLA-4	0.926981334138098	0.926981334138098	0.0502633288355304	0.549371063524702	0.0914924941860728	0.927101269995284	-1.02648416982135	1.12701082749241
Tissue Myeloid cells	6	sexM	0.926981334138098	0.926981334138098	-0.450106084438327	0.618096165485054	-0.728213681903534	0.466482791799274	-1.66155230777134	0.761340138894688
Tissue Myeloid cells	7	(Intercept)	0.352040798159006	0.852027345880919	-2.6141662935708	0.321658682753557	-8.1271435647011	4.39524705408059e-16	-3.24460572708237	-1.98372686005924
Tissue Myeloid cells	7	drugPD-1/CTLA-4	0.352040798159006	0.852027345880919	-0.450473122898584	0.464968880478175	-0.96882424138862	0.332632889434549	-1.36179538256772	0.460849136770548
Tissue Myeloid cells	7	sexM	0.352040798159006	0.852027345880919	-0.110028323658267	0.521256379842565	-0.211082929462655	0.832822560446103	-1.13167205486142	0.91161540754489
Tissue Myeloid cells	8	(Intercept)	0.532517091175575	0.852027345880919	-2.91719403351924	0.197524738450971	-14.7687527972267	2.32984476913356e-49	-3.30433540693884	-2.53005266009964
Tissue Myeloid cells	8	drugPD-1/CTLA-4	0.532517091175575	0.852027345880919	-0.153956994862712	0.246341493626029	-0.624973862894709	0.531988212593089	-0.636777450267531	0.328863460542108
Tissue Myeloid cells	8	sexM	0.532517091175575	0.852027345880919	0.488391953680812	0.271571004983194	1.79839505955739	0.0721144251260646	-0.0438774353315958	1.02066134269322
Tissue B cells	1	(Intercept)	0.418377190204362	0.62104984239106	-1.99042819902455	0.259424861761246	-7.67246510419802	1.68721869583195e-14	-2.49889158477088	-1.48196481327823
Tissue B cells	1	drugPD-1/CTLA-4	0.418377190204362	0.62104984239106	0.328669483005159	0.400419191601158	0.820813512186833	0.411752500768598	-0.456137711251754	1.11347667726207
Tissue B cells	1	sexM	0.418377190204362	0.62104984239106	0.970351154229946	0.432688745890967	2.24260779473674	0.0249221171596383	0.122296795767848	1.81840551269204
Tissue B cells	10	(Intercept)	0.701165661291003	0.764878847983656	-4.18164518708663	0.235911281575181	-17.7254990060915	2.66537725535442e-70	-4.64402280252067	-3.71926757165259
Tissue B cells	10	drugPD-1/CTLA-4	0.701165661291003	0.764878847983656	0.129298273756387	0.337619366554528	0.382970547797365	0.701741601791357	-0.532423525173714	0.791020072686488
Tissue B cells	10	sexM	0.701165661291003	0.764878847983656	0.796492435638571	0.348605444032163	2.28479631994814	0.0223247735540586	0.113238320520939	1.4797465507562
Tissue B cells	11	(Intercept)	0.236060022182347	0.613756057674102	-3.8807191649783	0.378671117360382	-10.2482576226827	1.20495992405651e-24	-4.62290091699019	-3.13853741296641
Tissue B cells	11	drugPD-1/CTLA-4	0.236060022182347	0.613756057674102	-0.716266925256749	0.602859113246418	-1.18811660887006	0.234787471693931	-1.89784907497148	0.465315224457985
Tissue B cells	11	sexM	0.236060022182347	0.613756057674102	-1.62018809268113	0.637463560184439	-2.54161679800545	0.0110341073186061	-2.86959371209931	-0.370782473262947
Tissue B cells	12	(Intercept)	0.165947975768645	0.539330921248098	-3.9784313908232	0.111484070085621	-35.6860974645771	6.49562307747292e-279	-4.19693615304096	-3.75992662860545
Tissue B cells	12	drugPD-1/CTLA-4	0.165947975768645	0.539330921248098	-0.264294152321883	0.175453714685973	-1.50634686073713	0.131978154401682	-0.608177114060158	0.0795888094163909
Tissue B cells	12	sexM	0.165947975768645	0.539330921248098	-1.08003574676681	0.180558615007389	-5.98163508688085	2.2090873862398e-09	-1.43392412927973	-0.726147364253894
Tissue B cells	13	(Intercept)	0.0294507000977776	0.289483810853037	-5.01724838905687	0.254933180975491	-19.6806409030734	3.1598124411339e-86	-5.51690824223307	-4.51758853588068
Tissue B cells	13	drugPD-1/CTLA-4	0.0294507000977776	0.289483810853037	0.832542601313752	0.340705250248489	2.44358606363285	0.0145421006742672	0.164772581483007	1.5003126211445
Tissue B cells	13	sexM	0.0294507000977776	0.289483810853037	-0.552726743000556	0.361107515881433	-1.53064314280858	0.125857612941408	-1.26048446867489	0.155030982673778
Tissue B cells	2	(Intercept)	0.706042013523375	0.764878847983656	-1.43321119015786	0.280794328093986	-5.10413155381877	3.3231704682517e-07	-1.98355796028519	-0.88286442003052
Tissue B cells	2	drugPD-1/CTLA-4	0.706042013523375	0.764878847983656	-0.165822658598943	0.438216289049317	-0.378403684990089	0.705130731135376	-1.0247108025744	0.693065485376512
Tissue B cells	2	sexM	0.706042013523375	0.764878847983656	-1.85853109606658	0.476626070664118	-3.8993483790699	9.64519133909383e-05	-2.79270102866109	-0.924361163472068
Tissue B cells	3	(Intercept)	0.0547018843583296	0.289483810853037	-1.43752364320145	0.279117237368361	-5.15025032762237	2.60139017943589e-07	-1.98458337590775	-0.890463910495146
Tissue B cells	3	drugPD-1/CTLA-4	0.0547018843583296	0.289483810853037	-0.906602348973713	0.437535689916516	-2.07206490777175	0.0382593884208134	-1.76415654316097	-0.049048154786457
Tissue B cells	3	sexM	0.0547018843583296	0.289483810853037	-1.37285665823761	0.472377616589335	-2.90626949716611	0.00365766274321797	-2.29869977385558	-0.447013542619644
Tissue B cells	4	(Intercept)	0.429957583193811	0.62104984239106	-2.61805119520618	0.269122370663518	-9.72810691564366	2.28811445345117e-22	-3.14552134914072	-2.09058104127165
Tissue B cells	4	drugPD-1/CTLA-4	0.429957583193811	0.62104984239106	0.331315044888261	0.413565701060863	0.801118284321896	0.423063171993354	-0.479258834432089	1.14188892420861
Tissue B cells	4	sexM	0.429957583193811	0.62104984239106	0.962538214715259	0.444569482426069	2.16510186318362	0.0303798853288019	0.0911980405345512	1.83387838889597
Tissue B cells	5	(Intercept)	0.0668039563507009	0.289483810853037	-1.70141070225241	0.234451791463681	-7.25697462847484	3.9584391735981e-13	-2.16092776963212	-1.2418936348727
Tissue B cells	5	drugPD-1/CTLA-4	0.0668039563507009	0.289483810853037	-0.718392607349659	0.366098363160734	-1.96229396151179	0.0497282698359831	-1.43593221394376	-0.000853000755554167
Tissue B cells	5	sexM	0.0668039563507009	0.289483810853037	-1.1059429582114	0.394018574151188	-2.8068295018677	0.00500317148982585	-1.87820517278755	-0.333680743635246
Tissue B cells	6	(Intercept)	0.369404954537129	0.62104984239106	-3.2311579831636	0.265249922688084	-12.1815605087404	3.89752280184648e-34	-3.75103827853428	-2.71127768779292
Tissue B cells	6	drugPD-1/CTLA-4	0.369404954537129	0.62104984239106	0.367496095258412	0.401500352812948	0.915307029455143	0.360030469853512	-0.419430136035092	1.15442232655192
Tissue B cells	6	sexM	0.369404954537129	0.62104984239106	1.24818701142634	0.428256785159015	2.91457614842665	0.00356171905377923	0.408819136379763	2.08755488647292
Tissue B cells	7	(Intercept)	0.999723117433224	0.999723117433224	-3.51243783656964	0.295733805206032	-11.8770251311736	1.55814377147065e-32	-4.09206544378445	-2.93281022935484
Tissue B cells	7	drugPD-1/CTLA-4	0.999723117433224	0.999723117433224	-2.74984840951927e-05	0.441872105297998	-6.22317719663424e-05	0.999950346229989	-0.866080910641062	0.866025913672872
Tissue B cells	7	sexM	0.999723117433224	0.999723117433224	1.19358722693672	0.46882345959408	2.54592043659709	0.0108990026760757	0.274710131024851	2.11246432284858
Tissue B cells	8	(Intercept)	0.323226601799255	0.62104984239106	-3.40848353548767	0.236724302667994	-14.3985365975207	5.28507432629303e-47	-3.87245464298229	-2.94451242799304
Tissue B cells	8	drugPD-1/CTLA-4	0.323226601799255	0.62104984239106	-0.361815874569633	0.357863675016556	-1.0110438690177	0.311995433742638	-1.06321578897723	0.339584039837963
Tissue B cells	8	sexM	0.323226601799255	0.62104984239106	0.637394137573945	0.374779602169318	1.70071725858224	0.0889960927330309	-0.0971603848181665	1.37194865996606
Tissue B cells	9	(Intercept)	0.666440739482097	0.764878847983656	-4.40572124284352	0.346412243191897	-12.718145300664	4.68857094459375e-37	-5.08467676330337	-3.72676572238367
Tissue B cells	9	drugPD-1/CTLA-4	0.666440739482097	0.764878847983656	-0.222812317425037	0.517846085682568	-0.430267455109466	0.667001098258618	-1.23777199489791	0.792147360047839
Tissue B cells	9	sexM	0.666440739482097	0.764878847983656	1.58674282468618	0.534417337187096	2.96910806269497	0.00298665545090124	0.539304091085675	2.63418155828669
Tissue epithelial cells	1	(Intercept)	0.210175229634456	0.371848483199423	-1.41275806145883	0.122562036573	-11.526881414192	9.65791268036128e-31	-1.65297523901379	-1.17254088390387
Tissue epithelial cells	1	drugPD-1/CTLA-4	0.210175229634456	0.371848483199423	-0.249795751683759	0.192717305664683	-1.29617706527295	0.194914489131187	-0.627514729984135	0.127923226616617
Tissue epithelial cells	1	sexM	0.210175229634456	0.371848483199423	-0.073006861910778	0.211389914450208	-0.345365870934086	0.729819331528272	-0.487323480928189	0.341309757106633
Tissue epithelial cells	10	(Intercept)	0.136676765754765	0.349285068039954	-3.82963693421084	0.197075357653673	-19.4323480104539	4.11118732700744e-84	-4.21589753745239	-3.44337633096929
Tissue epithelial cells	10	drugPD-1/CTLA-4	0.136676765754765	0.349285068039954	0.477323515023347	0.306708640106476	1.55627671544447	0.119642305840629	-0.123814373332604	1.0784614033793
Tissue epithelial cells	10	sexM	0.136676765754765	0.349285068039954	0.309889211353597	0.338473752198409	0.915548722288941	0.359903636735988	-0.353507152667419	0.973285575374612
Tissue epithelial cells	11	(Intercept)	0.335817358153568	0.454341131619533	-3.7393137664618	0.212352525800202	-17.6089912393132	2.1015702025476e-69	-4.15551706905631	-3.32311046386729
Tissue epithelial cells	11	drugPD-1/CTLA-4	0.335817358153568	0.454341131619533	-0.32984240535782	0.339920183476649	-0.970352516241447	0.331870808578457	-0.996073722590298	0.336388911874658
Tissue epithelial cells	11	sexM	0.335817358153568	0.454341131619533	-0.518862532741601	0.381286223254078	-1.36082161142194	0.173570070539414	-1.26616979812089	0.22844473263769
Tissue epithelial cells	12	(Intercept)	0.602022710405707	0.726635580939452	-4.10144105702282	0.221106040094224	-18.5496563335629	8.20750598016597e-77	-4.53480093237177	-3.66808118167388
Tissue epithelial cells	12	drugPD-1/CTLA-4	0.602022710405707	0.726635580939452	0.182418234152684	0.348087148225236	0.524059090037554	0.600237441532481	-0.499820039850034	0.864656508155402
Tissue epithelial cells	12	sexM	0.602022710405707	0.726635580939452	-0.0936738343702974	0.388813980086584	-0.240921981121763	0.809615585374933	-0.855735232025676	0.668387563285081
Tissue epithelial cells	13	(Intercept)	0.0588425982778035	0.270675952077896	-4.39992809934822	0.193243774659802	-22.7687960820167	9.34784741141644e-115	-4.77867893791801	-4.02117726077844
Tissue epithelial cells	13	drugPD-1/CTLA-4	0.0588425982778035	0.270675952077896	0.609252741727971	0.300434468331101	2.02790560321637	0.0425698831689502	0.0204120040845739	1.19809347937137
Tissue epithelial cells	13	sexM	0.0588425982778035	0.270675952077896	-0.00139784275616253	0.340795479221726	-0.00410170568974325	0.996727321533784	-0.669344708124814	0.666549022612489
Tissue epithelial cells	14	(Intercept)	0.788897825201673	0.824756817256294	-4.21437404176029	0.212605362452165	-19.8225199644647	1.9033494993626e-87	-4.63107289508662	-3.79767518843397
Tissue epithelial cells	14	drugPD-1/CTLA-4	0.788897825201673	0.824756817256294	-0.090507708109059	0.336087265404455	-0.269298237171052	0.787700188625113	-0.749226643964344	0.568211227746226
Tissue epithelial cells	14	sexM	0.788897825201673	0.824756817256294	-0.00626635679206995	0.37803503701553	-0.0165761270212965	0.986774769819553	-0.747201414236775	0.734668700652635
Tissue epithelial cells	15	(Intercept)	0.277176780240631	0.425004396368967	-5.07694369003472	0.219787972686968	-23.0992789458299	4.70788548462762e-118	-5.50772020073625	-4.64616717933319
Tissue epithelial cells	15	drugPD-1/CTLA-4	0.277176780240631	0.425004396368967	0.389677276848203	0.34771071883519	1.12069388643985	0.262418185394794	-0.291823209107302	1.07117776280371
Tissue epithelial cells	15	sexM	0.277176780240631	0.425004396368967	-0.695073985246726	0.428970263047579	-1.62033139618732	0.105161108087852	-1.53584025125865	0.145692280765201
Tissue epithelial cells	16	(Intercept)	0.0328593365327727	0.188941185063443	-4.85647288303153	0.14602889539337	-33.2569308967875	1.62078324393814e-242	-5.1426842587047	-4.57026150735836
Tissue epithelial cells	16	drugPD-1/CTLA-4	0.0328593365327727	0.188941185063443	-0.577015691521375	0.245582206898964	-2.34958264610257	0.0187944712398278	-1.05834797228721	-0.0956834107555429
Tissue epithelial cells	16	sexM	0.0328593365327727	0.188941185063443	0.44055550776563	0.271348030973303	1.6235810010686	0.10446526297074	-0.0912768602179035	0.972387875749164
Tissue epithelial cells	17	(Intercept)	0.000164147535568615	0.00377539331807814	-4.55188168579776	0.114477692699556	-39.7621718123204	0	-4.77625384052213	-4.32750953107338
Tissue epithelial cells	17	drugPD-1/CTLA-4	0.000164147535568615	0.00377539331807814	-1.05640685203911	0.213741086664802	-4.94246037822296	7.71427865162399e-07	-1.47533168391857	-0.637482020159638
Tissue epithelial cells	17	sexM	0.000164147535568615	0.00377539331807814	0.248150885981887	0.230793317587016	1.07520827975588	0.282281489306113	-0.204195704361178	0.700497476324953
Tissue epithelial cells	18	(Intercept)	0.109043406997543	0.313499795117936	-5.00090506779639	0.12520838391601	-39.940656618897	0	-5.24630899083423	-4.75550114475855
Tissue epithelial cells	18	drugPD-1/CTLA-4	0.109043406997543	0.313499795117936	-0.373054199553749	0.21099389716578	-1.76808052064481	0.0770474434340222	-0.786594638956425	0.0404862398489269
Tissue epithelial cells	18	sexM	0.109043406997543	0.313499795117936	0.215090588886474	0.245676634406956	0.875502830807196	0.381300370626655	-0.266426766394173	0.696607944167122
Tissue epithelial cells	19	(Intercept)	0.0184856615382856	0.141723405126856	-6.1904137031718	0.233700465102992	-26.4886665948383	1.30924003899842e-154	-6.64845819794393	-5.73236920839968
Tissue epithelial cells	19	drugPD-1/CTLA-4	0.0184856615382856	0.141723405126856	0.945125777671727	0.348136205271145	2.71481610749339	0.00663125809280147	0.26279135362584	1.62746020171761
Tissue epithelial cells	19	sexM	0.0184856615382856	0.141723405126856	-0.0567352684575314	0.440428693604231	-0.128818283825335	0.897501437671606	-0.919959645679851	0.806489108764788
Tissue epithelial cells	2	(Intercept)	0.0800851477260993	0.306993066283381	-1.97227060499065	0.113433763748884	-17.386980205971	1.03548187591669e-67	-2.19459669656929	-1.74994451341201
Tissue epithelial cells	2	drugPD-1/CTLA-4	0.0800851477260993	0.306993066283381	0.332312364868456	0.177979361192428	1.8671398899402	0.0618820551604122	-0.0165207730601478	0.68114550279706
Tissue epithelial cells	2	sexM	0.0800851477260993	0.306993066283381	-0.0225966836209292	0.196320028729651	-0.115101264843674	0.908364857368495	-0.407376869374914	0.362183502133056
Tissue epithelial cells	20	(Intercept)	0.183491591874828	0.364866685641029	-6.07571068546176	0.216764786014851	-28.0290484315359	7.19323850126409e-173	-6.50056185916739	-5.65085951175612
Tissue epithelial cells	20	drugPD-1/CTLA-4	0.183491591874828	0.364866685641029	-0.498959371860538	0.364979404242404	-1.36708911807295	0.171597373722334	-1.21430585927454	0.21638711555346
Tissue epithelial cells	20	sexM	0.183491591874828	0.364866685641029	0.714757050937023	0.394479128114907	1.81190080791505	0.0700015245577792	-0.0584078328209561	1.487921934695
Tissue epithelial cells	21	(Intercept)	0.163004809254014	0.364866685641029	-5.18975159759465	0.191842908507812	-27.0520898476855	3.60924990120468e-161	-5.56575678895937	-4.81374640622992
Tissue epithelial cells	21	drugPD-1/CTLA-4	0.163004809254014	0.364866685641029	0.426806056609055	0.299793884370445	1.42366498738068	0.154543473658987	-0.160779159542383	1.01439127276049
Tissue epithelial cells	21	sexM	0.163004809254014	0.364866685641029	-0.586841574883791	0.384377000861378	-1.5267343612357	0.126827079358212	-1.34020665305761	0.166523503290032
Tissue epithelial cells	22	(Intercept)	0.631857026903871	0.726635580939452	-5.58562689233158	0.34834722366973	-16.0346531070026	7.31911514192821e-58	-6.26837490483876	-4.90287887982439
Tissue epithelial cells	22	drugPD-1/CTLA-4	0.631857026903871	0.726635580939452	0.259883943913	0.542909287811951	0.478687599838993	0.632160888657705	-0.804198707070715	1.32396659489671
Tissue epithelial cells	22	sexM	0.631857026903871	0.726635580939452	-0.139233758736686	0.621212689593143	-0.224132187041891	0.822654447872519	-1.35678825707851	1.07832073960513
Tissue epithelial cells	23	(Intercept)	0.552689095947404	0.706213844821683	-5.39669741469383	0.267790815750614	-20.1526605741387	2.55032116688464e-90	-5.92155776895564	-4.87183706043203
Tissue epithelial cells	23	drugPD-1/CTLA-4	0.552689095947404	0.706213844821683	0.245644068647536	0.416826083109931	0.589320291126675	0.555646435629575	-0.571320042064827	1.0626081793599
Tissue epithelial cells	23	sexM	0.552689095947404	0.706213844821683	-0.743468310130977	0.514919215167447	-1.44385427506178	0.148779971021489	-1.7526914268068	0.265754806544849
Tissue epithelial cells	3	(Intercept)	0.884048963868435	0.884048963868435	-1.88395522938543	0.225939899394378	-8.33830250626511	7.53645714303079e-17	-2.32678929486902	-1.44112116390185
Tissue epithelial cells	3	drugPD-1/CTLA-4	0.884048963868435	0.884048963868435	0.0519349430654977	0.354464789092897	0.146516507883345	0.883513659137133	-0.642803277344167	0.746673163475163
Tissue epithelial cells	3	sexM	0.884048963868435	0.884048963868435	0.0483213938514535	0.388512771433404	0.124375303476314	0.901018126471312	-0.713149645691859	0.809792433394766
Tissue epithelial cells	4	(Intercept)	0.190365227290972	0.364866685641029	-2.22275619461173	0.161095820059423	-13.797727301626	2.63014489442691e-43	-2.53849819998815	-1.90701418923532
Tissue epithelial cells	4	drugPD-1/CTLA-4	0.190365227290972	0.364866685641029	0.342839672050204	0.252358814358509	1.35854050876604	0.174292237792711	-0.151774515273704	0.837453859374111
Tissue epithelial cells	4	sexM	0.190365227290972	0.364866685641029	0.237918596816527	0.276297625070993	0.861095337882097	0.38918553670313	-0.303614797336569	0.779451990969624
Tissue epithelial cells	5	(Intercept)	0.271799296850849	0.425004396368967	-2.28714021569658	0.14053788298904	-16.2741900408088	1.50497642445798e-59	-2.5625894048186	-2.01169102657456
Tissue epithelial cells	5	drugPD-1/CTLA-4	0.271799296850849	0.425004396368967	-0.248512302745193	0.221082528664671	-1.12407029287297	0.260983206772726	-0.681826096538992	0.184801491048606
Tissue epithelial cells	5	sexM	0.271799296850849	0.425004396368967	0.18184137426538	0.2425244722546	0.74978567142076	0.453383799844238	-0.293497856723218	0.657180605253979
Tissue epithelial cells	6	(Intercept)	0.00066390437242738	0.00763490028291487	-2.63845587236256	0.176260853490624	-14.9690406015361	1.16996847700145e-50	-2.98392079708848	-2.29299094763665
Tissue epithelial cells	6	drugPD-1/CTLA-4	0.00066390437242738	0.00763490028291487	-1.24264378170437	0.28211385692609	-4.40475982018112	1.05901144871706e-05	-1.79557678081919	-0.689710782589547
Tissue epithelial cells	6	sexM	0.00066390437242738	0.00763490028291487	-0.142499279976876	0.308841088566364	-0.461400005544456	0.644511647542808	-0.747816690513093	0.462818130559341
Tissue epithelial cells	7	(Intercept)	0.0979865561022605	0.313499795117936	-3.44584512591283	0.215652881694725	-15.9786648749295	1.79959188742671e-57	-3.86851700719677	-3.0231732446289
Tissue epithelial cells	7	drugPD-1/CTLA-4	0.0979865561022605	0.313499795117936	0.588880611623415	0.337117873199805	1.74680922738971	0.080670435452131	-0.0718582783929433	1.24961950163977
Tissue epithelial cells	7	sexM	0.0979865561022605	0.313499795117936	-0.252155690177485	0.374536550453735	-0.673247216785675	0.500790026819003	-0.986233839960674	0.481922459605704
Tissue epithelial cells	8	(Intercept)	0.735390836750702	0.805428059298388	-3.57525838134376	0.127698766399947	-27.9975952950573	1.73808369094123e-172	-3.82554336435785	-3.32497339832967
Tissue epithelial cells	8	drugPD-1/CTLA-4	0.735390836750702	0.805428059298388	0.067707860209838	0.199648195742924	0.339135848224853	0.734507393971873	-0.323595413024696	0.459011133444372
Tissue epithelial cells	8	sexM	0.735390836750702	0.805428059298388	0.371091557338005	0.221908071894482	1.67227606535403	0.0944698970800216	-0.0638402714539052	0.806023386129914
Tissue epithelial cells	9	(Intercept)	0.331835558735604	0.454341131619533	-3.63209624906906	0.169211346720435	-21.4648504338771	3.3181604726869e-102	-3.96374439441663	-3.30044810372149
Tissue epithelial cells	9	drugPD-1/CTLA-4	0.331835558735604	0.454341131619533	-0.265171593255366	0.267749744251543	-0.990371042170801	0.321992794078419	-0.789951448858202	0.259608262347469
Tissue epithelial cells	9	sexM	0.331835558735604	0.454341131619533	0.176990665649182	0.295959897706272	0.598022458518477	0.549824947778418	-0.40308007472327	0.757061406021633
Blood Myeloid cells	1	(Intercept)	0.210529845940837	0.267947076651975	-1.87095735772346	0.228038038822066	-8.20458449558642	2.31389734657062e-16	-2.31790370091985	-1.42401101452706
Blood Myeloid cells	1	drugPD-1/CTLA-4	0.210529845940837	0.267947076651975	-0.513300861571622	0.400436797893058	-1.28185237788438	0.199894436222951	-1.29814256352656	0.271540840383317
Blood Myeloid cells	1	sexM	0.210529845940837	0.267947076651975	0.40951616731945	0.395152234987485	1.03635037603272	0.30003871229912	-0.364967981666529	1.18400031630543
Blood Myeloid cells	10	(Intercept)	6.9538969260636e-06	4.86772784824452e-05	-2.88026662942782	0.177568513952625	-16.2205931970365	3.60694232063268e-59	-3.22829452156327	-2.53223873729238
Blood Myeloid cells	10	drugPD-1/CTLA-4	6.9538969260636e-06	4.86772784824452e-05	-2.42213960560732	0.379495859627358	-6.38251918739169	1.74198192215612e-10	-3.165937822759	-1.67834138845563
Blood Myeloid cells	10	sexM	6.9538969260636e-06	4.86772784824452e-05	0.662330477373271	0.321025633761388	2.06317006406276	0.039096473270571	0.0331317970868041	1.29152915765974
Blood Myeloid cells	11	(Intercept)	0.00275267966535286	0.00642291921915667	-5.37930382463865	0.63632933426248	-8.45364740393963	2.82341096022324e-17	-6.62648640209946	-4.13212124717784
Blood Myeloid cells	11	drugPD-1/CTLA-4	0.00275267966535286	0.00642291921915667	3.91639589707313	1.04774715268022	3.73792082092962	0.000185548357688528	1.86284921291551	5.96994258123075
Blood Myeloid cells	11	sexM	0.00275267966535286	0.00642291921915667	-1.01667496812007	1.08655425666873	-0.935687253425433	0.349434235349111	-3.14628217843947	1.11293224219932
Blood Myeloid cells	12	(Intercept)	0.451526595772918	0.486259410832373	-5.04161170398036	0.874279556272652	-5.76658995147325	8.0891543619804e-09	-6.75516814669442	-3.3280552612663
Blood Myeloid cells	12	drugPD-1/CTLA-4	0.451526595772918	0.486259410832373	-1.17581756636106	1.50498744760225	-0.781280646715282	0.434637450200504	-4.12553876084633	1.7739036281242
Blood Myeloid cells	12	sexM	0.451526595772918	0.486259410832373	-0.0909513145499333	1.54116325815261	-0.0590147176613569	0.952940385544626	-3.11157579482546	2.92967316572559
Blood Myeloid cells	13	(Intercept)	0.940013369229601	0.940013369229601	-4.29319349878789	0.415524083920815	-10.3319967841047	5.04982625572799e-25	-5.10760573798169	-3.4787812595941
Blood Myeloid cells	13	drugPD-1/CTLA-4	0.940013369229601	0.940013369229601	0.0538183257195884	0.714865020862832	0.0752845979995363	0.939988275719004	-1.34729136897904	1.45492802041821
Blood Myeloid cells	13	sexM	0.940013369229601	0.940013369229601	-0.43267932671166	0.715718852897143	-0.604538115714329	0.545485936067102	-1.83546250144638	0.970103848023062
Blood Myeloid cells	14	(Intercept)	0.0255671079792253	0.0397710568565727	-5.4099679595239	0.18248241850357	-29.6465161076219	3.76103343925325e-193	-5.76762692760266	-5.05230899144514
Blood Myeloid cells	14	drugPD-1/CTLA-4	0.0255671079792253	0.0397710568565727	-0.968451296383573	0.393140312564496	-2.46337316584571	0.0137636582563785	-1.7389921498808	-0.197910442886342
Blood Myeloid cells	14	sexM	0.0255671079792253	0.0397710568565727	-0.18657666649002	0.332870305489446	-0.56050859272557	0.575132580295548	-0.838990476772181	0.46583714379214
Blood Myeloid cells	2	(Intercept)	0.0362526713046912	0.0507537398265677	-1.48380690544007	0.215436185917926	-6.88745439452474	5.6799573097611e-12	-1.90605407080587	-1.06155974007426
Blood Myeloid cells	2	drugPD-1/CTLA-4	0.0362526713046912	0.0507537398265677	-0.864852936485533	0.379026935509943	-2.28177170396072	0.0225028221866684	-1.60773207925561	-0.121973793715458
Blood Myeloid cells	2	sexM	0.0362526713046912	0.0507537398265677	-1.04319620894129	0.376458185787074	-2.77108122050858	0.00558704886818892	-1.78104069476925	-0.305351723113339
Blood Myeloid cells	3	(Intercept)	0.00033976740478215	0.00118918591673752	-1.92901647967717	0.284444217105267	-6.78170398156937	1.18766635321095e-11	-2.48651690081419	-1.37151605854016
Blood Myeloid cells	3	drugPD-1/CTLA-4	0.00033976740478215	0.00118918591673752	-2.46149970005515	0.506307764129454	-4.86166690389876	1.1640137580834e-06	-3.45384468284188	-1.46915471726842
Blood Myeloid cells	3	sexM	0.00033976740478215	0.00118918591673752	0.587832683682202	0.494553395819222	1.18861317837777	0.234591919648615	-0.381474160555454	1.55713952791986
Blood Myeloid cells	4	(Intercept)	6.41707602082095e-05	0.000299463547638311	-2.39667375170368	0.198550143071203	-12.0708739597543	1.50527110515304e-33	-2.78582488124851	-2.00752262215884
Blood Myeloid cells	4	drugPD-1/CTLA-4	6.41707602082095e-05	0.000299463547638311	-2.10088610034395	0.379251302618624	-5.53956198920852	3.03229099609516e-08	-2.84420499456635	-1.35756720612154
Blood Myeloid cells	4	sexM	6.41707602082095e-05	0.000299463547638311	-0.158959625823748	0.35289757702556	-0.450441250301457	0.6523923069102	-0.850626167025295	0.532706915377799
Blood Myeloid cells	5	(Intercept)	0.273409419656053	0.318977656265395	-4.65084176706148	0.751884661243378	-6.18557872875138	6.18750446611431e-10	-6.1245086236266	-3.17717491049636
Blood Myeloid cells	5	drugPD-1/CTLA-4	0.273409419656053	0.318977656265395	-1.54320687958966	1.44784418990326	-1.06586529845645	0.286484537692829	-4.38092934702562	1.29451558784629
Blood Myeloid cells	5	sexM	0.273409419656053	0.318977656265395	2.95939648163248	1.3183701105891	2.24473875572778	0.024784908496721	0.375438546583744	5.54335441668121
Blood Myeloid cells	6	(Intercept)	0.00623155191437189	0.0124631038287438	-2.40130403441902	0.281811884062186	-8.52094666770382	1.58254402051295e-17	-2.95364517759628	-1.84896289124176
Blood Myeloid cells	6	drugPD-1/CTLA-4	0.00623155191437189	0.0124631038287438	-1.59837083629638	0.516238924963516	-3.09618426469748	0.00196028503158816	-2.61018053664255	-0.586561135950215
Blood Myeloid cells	6	sexM	0.00623155191437189	0.0124631038287438	0.364645373752748	0.493171504386084	0.739388570729914	0.459671080427143	-0.601953013045413	1.33124376055091
Blood Myeloid cells	7	(Intercept)	2.1716364615519e-06	3.04029104617266e-05	-2.34620477823259	0.106536568926843	-22.0225299337704	1.75204533808425e-107	-2.55501261636568	-2.13739694009951
Blood Myeloid cells	7	drugPD-1/CTLA-4	2.1716364615519e-06	3.04029104617266e-05	-1.63461939245658	0.208467075443634	-7.84113936926484	4.46476558335993e-15	-2.0432073522885	-1.22603143262466
Blood Myeloid cells	7	sexM	2.1716364615519e-06	3.04029104617266e-05	-0.278281059505934	0.194091172434683	-1.43376463759362	0.151639439511091	-0.658692767195066	0.102130648183199
Blood Myeloid cells	8	(Intercept)	0.00229948495787581	0.00642291921915667	-3.51982674384723	0.254566948732348	-13.8267232308621	1.75850284048534e-43	-4.01876879501688	-3.02088469267757
Blood Myeloid cells	8	drugPD-1/CTLA-4	0.00229948495787581	0.00642291921915667	1.65778153842364	0.431270884793261	3.84394494707968	0.000121072177369442	0.812506136648124	2.50305694019915
Blood Myeloid cells	8	sexM	0.00229948495787581	0.00642291921915667	-0.348266072332304	0.435860060792625	-0.799031853707752	0.424271941964604	-1.20253609378529	0.506003949120679
Blood Myeloid cells	9	(Intercept)	0.0209889655260713	0.0367306896706248	-3.40027894912734	0.392603817830128	-8.66084025346533	4.68299418903123e-18	-4.16976829226732	-2.63078960598737
Blood Myeloid cells	9	drugPD-1/CTLA-4	0.0209889655260713	0.0367306896706248	-1.80470349954067	0.742773235763705	-2.42968299427901	0.0151120340152274	-3.26051229031781	-0.348894708763525
Blood Myeloid cells	9	sexM	0.0209889655260713	0.0367306896706248	1.10278230303086	0.690752494097476	1.59649413133388	0.110378514986208	-0.251067707631411	2.45663231369313
Blood B cells	1	(Intercept)	0.148216799500357	0.344303646361638	0.697782863140257	0.19358789575147	3.60447568496782	0.000312783728687854	0.318357559624482	1.07720816665603
Blood B cells	1	drugPD-1/CTLA-4	0.148216799500357	0.344303646361638	-0.506691896379818	0.345968617053021	-1.46456028496413	0.143040924156863	-1.18477792558487	0.171394132825233
Blood B cells	1	sexM	0.148216799500357	0.344303646361638	-0.572553707680511	0.329667670514661	-1.73676025552238	0.082429497059879	-1.21869046875646	0.0735830533954416
Blood B cells	2	(Intercept)	0.697311964726108	0.697311964726108	-1.42201535927444	0.283379349420338	-5.01806275645427	5.2195128362345e-07	-1.97742867810069	-0.866602040448184
Blood B cells	2	drugPD-1/CTLA-4	0.697311964726108	0.697311964726108	0.193465710977208	0.492137738205539	0.393112935583102	0.694236070440122	-0.771106531338649	1.15803795329306
Blood B cells	2	sexM	0.697311964726108	0.697311964726108	0.510675949809828	0.469971561213986	1.08661032274102	0.27720906104881	-0.410451383927645	1.4318032835473
Blood B cells	3	(Intercept)	0.285065081950253	0.38008677593367	-1.95896828137367	0.398279239423052	-4.91857994961383	8.71743112568875e-07	-2.73958124643286	-1.17835531631448
Blood B cells	3	drugPD-1/CTLA-4	0.285065081950253	0.38008677593367	-0.794305687901409	0.812014632649644	-0.978191347746469	0.327979694939781	-2.38582512281423	0.797213747011415
Blood B cells	3	sexM	0.285065081950253	0.38008677593367	-0.336872217916683	0.687770163266615	-0.489803477831436	0.624272969478372	-1.68487696756048	1.01113253172712
Blood B cells	4	(Intercept)	0.172151823180819	0.344303646361638	-4.57354905382153	0.424027493224912	-10.7859729071757	4.00977657612739e-27	-5.40462766899716	-3.7424704386459
Blood B cells	4	drugPD-1/CTLA-4	0.172151823180819	0.344303646361638	1.10153897939928	0.686136384275104	1.60542277693529	0.108400795179262	-0.243263622262464	2.44634158106101
Blood B cells	4	sexM	0.172151823180819	0.344303646361638	1.58711642725388	0.627366633776362	2.5298068813453	0.0114125322750267	0.357500419950081	2.81673243455768
Blood CD4 T cells	1	(Intercept)	0.145783277735038	0.204096588829053	-0.194427929254402	0.197364035471557	-0.985123397937524	0.324563461577558	-0.581254330622139	0.192398472113335
Blood CD4 T cells	1	drugPD-1/CTLA-4	0.145783277735038	0.204096588829053	-0.559167831920747	0.370981552881037	-1.50726586693667	0.131742522970655	-1.28627831449632	0.167942650654827
Blood CD4 T cells	1	sexM	0.145783277735038	0.204096588829053	-0.884474846741407	0.34697600131288	-2.54909516333911	0.0108002824550092	-1.56453531281437	-0.20441438066844
Blood CD4 T cells	2	(Intercept)	0.552417187071724	0.644486718250345	-1.14534622109746	0.209897471737187	-5.4566937448944	4.85081941170072e-08	-1.55673770614835	-0.733954736046555
Blood CD4 T cells	2	drugPD-1/CTLA-4	0.552417187071724	0.644486718250345	0.236022667735295	0.391255153098372	0.603244879629619	0.546345795633898	-0.530823341103218	1.00286867657381
Blood CD4 T cells	2	sexM	0.552417187071724	0.644486718250345	0.132437783105346	0.365045351200926	0.36279816376144	0.716755663668435	-0.583037957972244	0.847913524182937
Blood CD4 T cells	3	(Intercept)	0.0300344677861765	0.0525603186258088	-2.66404411784291	0.192949075506206	-13.8069804732349	2.31326476156164e-43	-3.04221735668537	-2.28587087900044
Blood CD4 T cells	3	drugPD-1/CTLA-4	0.0300344677861765	0.0525603186258088	0.87393753597347	0.36593869943217	2.38820747116816	0.0169307808881391	0.156710864536988	1.59116420740995
Blood CD4 T cells	3	sexM	0.0300344677861765	0.0525603186258088	0.28329498458848	0.328645027796778	0.86200903901598	0.388682543789061	-0.360837433591369	0.927427402768329
Blood CD4 T cells	4	(Intercept)	0.0190538692295307	0.0444590282022382	-2.679099084916	0.237612410890719	-11.2750806023687	1.74218991709604e-29	-3.14481085254154	-2.21338731729046
Blood CD4 T cells	4	drugPD-1/CTLA-4	0.0190538692295307	0.0444590282022382	-1.36054057188796	0.58418654888524	-2.32894881692188	0.0198617773504776	-2.50552516795578	-0.21555597582014
Blood CD4 T cells	4	sexM	0.0190538692295307	0.0444590282022382	0.419956470824973	0.427829972741827	0.981596656572716	0.326298595288293	-0.41857486725576	1.25848780890571
Blood CD4 T cells	5	(Intercept)	0.737916278668036	0.737916278668036	-2.72451194766489	0.185200727507238	-14.7111298337551	5.46866686755069e-49	-3.08749870348969	-2.36152519184009
Blood CD4 T cells	5	drugPD-1/CTLA-4	0.737916278668036	0.737916278668036	-0.134652483557908	0.404137291243551	-0.333185000432836	0.738994639828498	-0.926747019204841	0.657442052089026
Blood CD4 T cells	5	sexM	0.737916278668036	0.737916278668036	0.222753541897153	0.325057681288397	0.685273890511517	0.493171104399337	-0.414347806326205	0.85985489012051
Blood CD4 T cells	6	(Intercept)	0.0148715308781034	0.0444590282022382	-3.04085806612204	0.296246971729083	-10.2646047261637	1.01736757495688e-24	-3.62149146124009	-2.46022467100398
Blood CD4 T cells	6	drugPD-1/CTLA-4	0.0148715308781034	0.0444590282022382	-1.90188094035346	0.817480483774746	-2.32651540691401	0.0199910715201278	-3.50411324661634	-0.29964863409058
Blood CD4 T cells	6	sexM	0.0148715308781034	0.0444590282022382	0.439486271002798	0.541763878201475	0.811213683093428	0.417242969132936	-0.622351418396837	1.50132396040243
Blood CD4 T cells	7	(Intercept)	0.000355933126341478	0.00249153188439034	-3.35657525170582	0.128382869889721	-26.1450398685515	1.1222107562717e-150	-3.60820105292157	-3.10494945049008
Blood CD4 T cells	7	drugPD-1/CTLA-4	0.000355933126341478	0.00249153188439034	1.25240107380441	0.261504590517816	4.78921257682122	1.67437034775875e-06	0.739861494597593	1.76494065301122
Blood CD4 T cells	7	sexM	0.000355933126341478	0.00249153188439034	0.624229930411141	0.206367145904567	3.02485130409185	0.00248755392787894	0.219757756845868	1.02870210397641
Blood CD8 T cells	1	(Intercept)	0.448795237319018	0.571193938406023	-2.5425123639176	0.396769358739197	-6.40803607414864	1.474060365075e-10	-3.32016601721548	-1.76485871061972
Blood CD8 T cells	1	drugPD-1/CTLA-4	0.448795237319018	0.571193938406023	-0.544822874770249	0.711144250200069	-0.766121464972784	0.443604032116362	-1.93863999297513	0.848994243434627
Blood CD8 T cells	1	sexM	0.448795237319018	0.571193938406023	-0.821724248236632	0.695817124615867	-1.18094858428538	0.237623149176741	-2.18550075230995	0.542052255836687
Blood CD8 T cells	10	(Intercept)	0.723064088748938	0.723064088748938	-3.66261361886787	0.390755968002569	-9.37314825309026	7.04006393947115e-21	-4.42848124289699	-2.89674599483875
Blood CD8 T cells	10	drugPD-1/CTLA-4	0.723064088748938	0.723064088748938	0.250908860902989	0.703524029766635	0.356645758050677	0.721357017205975	-1.1279728996981	1.62979062150408
Blood CD8 T cells	10	sexM	0.723064088748938	0.723064088748938	0.663108853663529	0.683127973452677	0.97069492018023	0.331700222223204	-0.675797371135552	2.00201507846261
Blood CD8 T cells	11	(Intercept)	0.0538109330471455	0.150670612532008	-3.44644732104613	0.345145104935616	-9.98550253722718	1.76404912341696e-23	-4.12291929616024	-2.76997534593203
Blood CD8 T cells	11	drugPD-1/CTLA-4	0.0538109330471455	0.150670612532008	-1.38285263479247	0.692447837666141	-1.99704953871082	0.0458198018037705	-2.74002545779075	-0.0256798117941985
Blood CD8 T cells	11	sexM	0.0538109330471455	0.150670612532008	-0.205974963226211	0.618884968274259	-0.332816232070663	0.7392730046718	-1.41896721161697	1.00701728516455
Blood CD8 T cells	12	(Intercept)	0.000104923857914764	0.0014689340108067	-4.05459974044605	0.136114371214205	-29.7881825723257	5.55754093081257e-195	-4.32137900580421	-3.78782047508789
Blood CD8 T cells	12	drugPD-1/CTLA-4	0.000104923857914764	0.0014689340108067	1.57563647292948	0.252846380733234	6.23159591353557	4.61707170277784e-10	1.08006667307104	2.07120627278792
Blood CD8 T cells	12	sexM	0.000104923857914764	0.0014689340108067	0.332298023874585	0.234325133570658	1.41810662309677	0.156159637908825	-0.126970798596442	0.791566846345611
Blood CD8 T cells	13	(Intercept)	0.0968294845443946	0.225935463936921	-4.76915462292704	0.239064265115834	-19.9492576634832	1.52130283244329e-88	-5.23771197254461	-4.30059727330947
Blood CD8 T cells	13	drugPD-1/CTLA-4	0.0968294845443946	0.225935463936921	0.817652011973164	0.465895075059388	1.75501321165273	0.0792570479412648	-0.0954855557178216	1.73078957966415
Blood CD8 T cells	13	sexM	0.0968294845443946	0.225935463936921	-0.383439417166962	0.426950195406585	-0.898089335225182	0.369137924246834	-1.22024642335621	0.453367589022283
Blood CD8 T cells	14	(Intercept)	0.580321546408205	0.677041804142906	-4.62642564976437	0.177976559301355	-25.994578544081	5.70286221180944e-149	-4.97525329608739	-4.27759800344136
Blood CD8 T cells	14	drugPD-1/CTLA-4	0.580321546408205	0.677041804142906	0.217976449012608	0.38747406861445	0.562557514602358	0.573736229046917	-0.541458770414915	0.977411668440132
Blood CD8 T cells	14	sexM	0.580321546408205	0.677041804142906	0.819906526028059	0.313752156567383	2.61322992963069	0.0089690938880588	0.204963599084216	1.4348494529719
Blood CD8 T cells	2	(Intercept)	0.24065499051559	0.374352207468695	-1.74469360949742	0.216376275132082	-8.06323894998386	7.42990921587971e-16	-2.16878331586523	-1.32060390312961
Blood CD8 T cells	2	drugPD-1/CTLA-4	0.24065499051559	0.374352207468695	-0.468763748659819	0.39227087101627	-1.19500014733538	0.232086972551422	-1.23760052803587	0.300073030716227
Blood CD8 T cells	2	sexM	0.24065499051559	0.374352207468695	-0.255520640221242	0.379801658731699	-0.672773892232387	0.501091149678143	-0.999918212603944	0.48887693216146
Blood CD8 T cells	3	(Intercept)	0.020038552098479	0.0935132431262353	-2.29360736096779	0.168806422489966	-13.5872043677966	4.76952870252082e-42	-2.62446186940717	-1.9627528525284
Blood CD8 T cells	3	drugPD-1/CTLA-4	0.020038552098479	0.0935132431262353	-0.829090392294702	0.325487098359028	-2.54722966432352	0.010858194619956	-1.46703338251084	-0.191147402078562
Blood CD8 T cells	3	sexM	0.020038552098479	0.0935132431262353	0.756739429274933	0.297613919829676	2.54268829128696	0.0110003314137814	0.173426865110977	1.34005199343889
Blood CD8 T cells	4	(Intercept)	0.0466260252958603	0.150670612532008	-1.97082225372137	0.430978306312671	-4.57290361221003	4.81011450370175e-06	-2.81552421221228	-1.12612029523047
Blood CD8 T cells	4	drugPD-1/CTLA-4	0.0466260252958603	0.150670612532008	-1.67642925231566	0.782857486941817	-2.14142328620312	0.0322399187478035	-3.21080173174916	-0.142056772882164
Blood CD8 T cells	4	sexM	0.0466260252958603	0.150670612532008	-0.7695404597294	0.76305616621598	-1.00849779321695	0.313215546598355	-2.26510306369393	0.726022144235129
Blood CD8 T cells	5	(Intercept)	0.695426300753416	0.723064088748938	-3.32049764694407	0.395637102274321	-8.39278628787891	4.74754136019046e-17	-4.09593211834953	-2.54506317553861
Blood CD8 T cells	5	drugPD-1/CTLA-4	0.695426300753416	0.723064088748938	-0.279149376350017	0.712749098570273	-0.391651672250406	0.695315602850255	-1.67611193956114	1.11781318686111
Blood CD8 T cells	5	sexM	0.695426300753416	0.723064088748938	1.2864809261152	0.690251214399937	1.86378654506763	0.062351685980786	-0.0663865943937152	2.63934844662411
Blood CD8 T cells	6	(Intercept)	0.000772846820121308	0.00540992774084916	-2.73262758128999	0.242770931408756	-11.2559916684961	2.16378437873597e-29	-3.2084498633444	-2.25680529923559
Blood CD8 T cells	6	drugPD-1/CTLA-4	0.000772846820121308	0.00540992774084916	1.88349276528481	0.425613492391962	4.42535962546561	9.62817494875551e-06	1.04930564886225	2.71767988170737
Blood CD8 T cells	6	sexM	0.000772846820121308	0.00540992774084916	0.270053396032293	0.422114912631152	0.639762746947224	0.522326855124219	-0.557276630062036	1.09738342212662
Blood CD8 T cells	7	(Intercept)	0.191349909348022	0.334862341359039	-2.9731566895265	0.132075082773026	-22.5111097952969	3.23081452775236e-112	-3.23201909501678	-2.71429428403623
Blood CD8 T cells	7	drugPD-1/CTLA-4	0.191349909348022	0.334862341359039	0.352765104419015	0.260308720071361	1.35517974319995	0.175360296958311	-0.157430611782571	0.8629608206206
Blood CD8 T cells	7	sexM	0.191349909348022	0.334862341359039	-0.592534165683498	0.239359823815714	-2.47549549560037	0.0133051440064665	-1.06167079970815	-0.123397531658847
Blood CD8 T cells	8	(Intercept)	0.317893665171163	0.445051131239629	-3.17593661364275	0.25772626988263	-12.3229060626575	6.81918492655834e-35	-3.68107082048256	-2.67080240680295
Blood CD8 T cells	8	drugPD-1/CTLA-4	0.317893665171163	0.445051131239629	0.48063598650429	0.464426838866626	1.03490140164427	0.300714959999574	-0.429623891128083	1.39089586413666
Blood CD8 T cells	8	sexM	0.317893665171163	0.445051131239629	0.602164905331731	0.446991519130788	1.34715062715886	0.177931725574243	-0.273922373559459	1.47825218422292
Blood CD8 T cells	9	(Intercept)	0.176248860970936	0.334862341359039	-3.09149686617928	0.262142754253879	-11.793180684999	4.23248614877958e-32	-3.60528722332502	-2.57770650903354
Blood CD8 T cells	9	drugPD-1/CTLA-4	0.176248860970936	0.334862341359039	-0.680174197688062	0.51217764693951	-1.32800445656386	0.184176634664938	-1.68402393937597	0.323675543999848
Blood CD8 T cells	9	sexM	0.176248860970936	0.334862341359039	0.849188660605285	0.464214991194671	1.82930038174742	0.0673546215128097	-0.0606560032198477	1.75903332443042
