analysis	cluster	value	lrt_p	lrt_fdr	est	sd	z	p	est_low	est_high	OR	OR_2.5	OR_97.5
Tissue CD8 T cells	1	(Intercept)	0.00170500369183831	0.00511501107551493	-0.911311632275134	0.14637815636987	-6.22573514297054	4.79303186697622e-10	-1.19820754688345	-0.624415717666818	0.401996606365693	0.301734572556915	0.535574263698442
Tissue CD8 T cells	1	sexM	0.00170500369183831	0.00511501107551493	-0.0698267421134237	0.162280441337106	-0.430284398650187	0.666988774528969	-0.387890562529417	0.24823707830257	0.932555378483887	0.678486591057634	1.28176377455535
Tissue CD8 T cells	1	Case	0.00170500369183831	0.00511501107551493	-0.561079391849641	0.161531607992702	-3.47349598522532	0.000513725048968879	-0.877675525880179	-0.244483257819102	0.570592838075224	0.415748185267234	0.783109099209814
Tissue CD8 T cells	2	(Intercept)	0.266452573940906	0.290675535208261	-1.84755781582836	0.160635947661999	-11.5015215630059	1.29610204972441e-30	-2.16239848786834	-1.53271714378838	0.157621637716289	0.115048846587242	0.215948107376506
Tissue CD8 T cells	2	sexM	0.266452573940906	0.290675535208261	0.2198628283912	0.176324450308462	1.24692195555734	0.212426115437884	-0.125726743807207	0.565452400589607	1.24590581596014	0.881855786417582	1.76024393801308
Tissue CD8 T cells	2	Case	0.266452573940906	0.290675535208261	0.197308743949578	0.175466667522826	1.12447991823809	0.260809485107884	-0.146599604882425	0.541217092781581	1.21812006985599	0.863639705319172	1.71809667323897
Tissue CD8 T cells	3	(Intercept)	0.000751841208979405	0.00300736483591762	-2.5031128587154	0.14060112873852	-17.802935731551	6.70595493878333e-71	-2.77868600722858	-2.22753971020222	0.0818298769054697	0.0621200791081978	0.107793306938668
Tissue CD8 T cells	3	sexM	0.000751841208979405	0.00300736483591762	-0.0692887870763	0.15327223576408	-0.45206352429641	0.65122321995139	-0.369696849003828	0.231119274851228	0.933057186310061	0.69094375918041	1.26000951793463
Tissue CD8 T cells	3	Case	0.000751841208979405	0.00300736483591762	0.556346166402538	0.152182408784152	3.65578499412263	0.000256396184995195	0.258074126105048	0.854618206700027	1.74428750625281	1.29443476647555	2.35047681294423
Tissue CD8 T cells	4	(Intercept)	4.23878156280501e-05	0.000508653787536601	-2.86537329164187	0.16153855650163	-17.7380147111378	2.13340384283626e-70	-3.18198304449966	-2.54876353878409	0.0569618637751649	0.0415032706295748	0.0781782706644891
Tissue CD8 T cells	4	sexM	4.23878156280501e-05	0.000508653787536601	0.130278527544874	0.175476397821568	0.742427637917137	0.457828279446418	-0.213648892322221	0.47420594741197	1.13914562257615	0.807631901008713	1.60673785645869
Tissue CD8 T cells	4	Case	4.23878156280501e-05	0.000508653787536601	0.831895334757449	0.174199009432171	4.77554572479569	1.79220561190073e-06	0.49047155012784	1.17331911938706	2.29766946872353	1.63308612038663	3.23270458403895
Tissue CD8 T cells	5	(Intercept)	0.421720626162609	0.421720626162609	-2.31748488292522	0.163409652654207	-14.1820562328058	1.18327883753325e-45	-2.63776191685367	-1.99720784899678	0.098521066268477	0.071521160869366	0.135713687819
Tissue CD8 T cells	5	sexM	0.421720626162609	0.421720626162609	0.0461218398766046	0.180098263811893	0.256092640208777	0.797879304803167	-0.306864270872899	0.399107950626108	1.04720199414617	0.735750456897696	1.49049450973863
Tissue CD8 T cells	5	Case	0.421720626162609	0.421720626162609	-0.145944605763312	0.179322805927917	-0.813865280593357	0.415722132451747	-0.497410846988695	0.20552163546207	0.864205573866856	0.60810309515623	1.22816555260365
Tissue CD8 T cells	6	(Intercept)	0.0506217720500866	0.0759326580751299	-2.35887794683119	0.12430953352864	-18.9758410306296	2.70153441338735e-80	-2.6025201554823	-2.11523573818008	0.0945262271668635	0.0740866329135631	0.120604855032705
Tissue CD8 T cells	6	sexM	0.0506217720500866	0.0759326580751299	0.263257501658973	0.135787934792073	1.93874000707124	0.0525330045105093	-0.00288196006856356	0.529396963386509	1.30116172712062	0.997122188791781	1.69790809908157
Tissue CD8 T cells	6	Case	0.0506217720500866	0.0759326580751299	-0.277711820147185	0.135131446300367	-2.05512356857258	0.0398670710229504	-0.542564588074714	-0.012859052219657	0.75751509064977	0.581255657918442	0.987223272143435
Tissue CD8 T cells	7	(Intercept)	0.000466808078344097	0.00280084847006458	-2.88490940611918	0.124372425707788	-23.1957316077218	5.02805883566125e-119	-3.12867488117633	-2.64114393106203	0.0558598498678454	0.0437757669286919	0.0712796838566196
Tissue CD8 T cells	7	sexM	0.000466808078344097	0.00280084847006458	0.0799346079339928	0.134241181691791	0.595455186900228	0.551539245606525	-0.183173273424015	0.343042489292001	1.08321623161161	0.832623871647996	1.40922863778149
Tissue CD8 T cells	7	Case	0.000466808078344097	0.00280084847006458	0.557192489050207	0.133124036866652	4.18551376719694	2.84521822251996e-05	0.296274171314986	0.818110806785428	1.74576436113312	1.34483882251938	2.2662144738602
Tissue CD8 T cells	8	(Intercept)	0.140891613870101	0.169069936644121	-2.2392575559936	0.300219654841015	-7.45873069895917	8.73599534187858e-14	-2.82767726693304	-1.65083784505417	0.106537573206216	0.059150084089161	0.191889067943855
Tissue CD8 T cells	8	sexM	0.140891613870101	0.169069936644121	-0.10597510397356	0.332988170064797	-0.318254861585438	0.750291620802287	-0.75861992457846	0.54666971663134	0.899447040454483	0.468312287516902	1.72749039507773
Tissue CD8 T cells	8	Case	0.140891613870101	0.169069936644121	-0.499557244400446	0.331292722069192	-1.50790286390931	0.131579389572045	-1.1488790479963	0.149764559195408	0.606799264017164	0.316991903006823	1.16156073173846
Tissue CD8 T cells	9	(Intercept)	0.0726102762334348	0.0968137016445797	-3.43234291017926	0.124529796023802	-27.5624229684212	3.14110247979647e-167	-3.67641682538803	-3.18826899497049	0.0323111498999683	0.0253135152725214	0.041243201373597
Tissue CD8 T cells	9	sexM	0.0726102762334348	0.0968137016445797	-0.34989279571259	0.141613179539678	-2.4707643515239	0.0134824629299141	-0.627449527346564	-0.0723360640786168	0.704763639352768	0.533951895535486	0.930218230343839
Tissue CD8 T cells	9	Case	0.0726102762334348	0.0968137016445797	-0.253370073776872	0.139234135084871	-1.8197410686857	0.0687984459398707	-0.526263963961804	0.0195238164080589	0.776180584585957	0.590808132041691	1.01971565253554
Tissue CD8 T cells	10	(Intercept)	0.0370293242487279	0.0634788415692479	-4.48889872790659	0.213793985509548	-20.9963751655966	7.0784663506152e-98	-4.90792723961658	-4.0698702161966	0.0112330075981848	0.00738778558139854	0.017079605019748
Tissue CD8 T cells	10	sexM	0.0370293242487279	0.0634788415692479	-0.0264688300684117	0.233503381118152	-0.113355232552366	0.909748930127407	-0.484127047328319	0.431189387191495	0.973878399085522	0.616234905940332	1.53908700572248
Tissue CD8 T cells	10	Case	0.0370293242487279	0.0634788415692479	0.519164655898666	0.230924719742169	2.24819870509455	0.0245635222228191	0.066560522064009	0.971768789733324	1.68062316451931	1.06882564965208	2.64261455742412
Tissue CD8 T cells	11	(Intercept)	0.0344059838138328	0.0634788415692479	-4.8841944964274	0.214742322280895	-22.7444429423586	1.62876522378319e-114	-5.30508171405445	-4.46330727880035	0.00756521511621202	0.0049662923959697	0.0115241864939343
Tissue CD8 T cells	11	sexM	0.0344059838138328	0.0634788415692479	-0.20153811310637	0.232661569435526	-0.866228632409441	0.386364794572545	-0.657546409786565	0.254470183573826	0.817472420553039	0.518121032890615	1.28977809419662
Tissue CD8 T cells	11	Case	0.0344059838138328	0.0634788415692479	0.502784254705282	0.228654763725023	2.19887942203523	0.0278864971846039	0.0546291529107206	0.950939356499843	1.6533181270957	1.05614887230658	2.58813970365131
Tissue CD8 T cells	12	(Intercept)	0.0106119913477665	0.0254687792346396	-5.97135170176029	0.297272211555604	-20.0871506640753	9.55928174696791e-90	-6.55399453001385	-5.38870887350674	0.00255079117874397	0.00142441435310559	0.00456786722442958
Tissue CD8 T cells	12	sexM	0.0106119913477665	0.0254687792346396	0.800012799515321	0.309478416341281	2.58503584506229	0.00973688740962632	0.193446249493919	1.40657934953672	2.22556941451998	1.21342416263577	4.08196850809999
Tissue CD8 T cells	12	Case	0.0106119913477665	0.0254687792346396	0.842915020975997	0.307970669016055	2.73699772666356	0.00620027215061157	0.239303601409824	1.44652644054217	2.32312908616353	1.2703641623933	4.24833202222225
Tissue CD4 T cells	1	(Intercept)	0.626390872334567	0.695989858149519	-1.7553856198269	0.291826559954387	-6.01516743404462	1.79700864473416e-09	-2.32735516706972	-1.18341607258408	0.172840578685104	0.097553418684367	0.306230842989299
Tissue CD4 T cells	1	sexM	0.626390872334567	0.695989858149519	-0.2053128993655	0.318755937615342	-0.644106901667385	0.519506115229046	-0.830063056949866	0.419437258218866	0.814392453658279	0.436021791250436	1.52110532520292
Tissue CD4 T cells	1	Case	0.626390872334567	0.695989858149519	-0.155343009810262	0.317112636124058	-0.489866981363334	0.624228029180456	-0.77687235565597	0.466186336035447	0.856121469051396	0.459841986713356	1.59390397342643
Tissue CD4 T cells	2	(Intercept)	0.178215888491709	0.297026480819516	-1.40199734772738	0.264989115636921	-5.29077333745415	1.21800239669236e-07	-1.92136647067086	-0.882628224783891	0.246104915615484	0.146406764829477	0.413694200269019
Tissue CD4 T cells	2	sexM	0.178215888491709	0.297026480819516	0.372226404512057	0.290150108404213	1.2828752901705	0.199535771083323	-0.196457358070592	0.940910167094706	1.45096144832727	0.821636366708207	2.56231248985067
Tissue CD4 T cells	2	Case	0.178215888491709	0.297026480819516	-0.393985980036039	0.289237980632568	-1.36215160669559	0.173150044593857	-0.960882005036966	0.172910044964888	0.674363510726285	0.38255532140977	1.18875916540176
Tissue CD4 T cells	3	(Intercept)	0.00957276605257417	0.0239319151314354	-1.49728803818662	0.168518132866686	-8.8850262741228	6.39056645537394e-19	-1.82757750934726	-1.16699856702598	0.223736101896229	0.160802639214373	0.311299886222547
Tissue CD4 T cells	3	sexM	0.00957276605257417	0.0239319151314354	-0.37018471416686	0.184810213665937	-2.0030533314355	0.0451715644271891	-0.732406076927248	-0.0079633514064722	0.690606754003918	0.480750873805264	0.992068272077691
Tissue CD4 T cells	3	Case	0.00957276605257417	0.0239319151314354	-0.539557589214208	0.183861856780612	-2.93458142249711	0.00333997910817645	-0.899920206634869	-0.179194971793548	0.583006123524524	0.406602102596255	0.835942898221066
Tissue CD4 T cells	4	(Intercept)	0.60185470046049	0.695989858149519	-1.71043368548582	0.269534032653571	-6.34589134680524	2.21141275026773e-10	-2.23871068209466	-1.18215668887697	0.180787370754424	0.106595851758316	0.306616748073856
Tissue CD4 T cells	4	sexM	0.60185470046049	0.695989858149519	0.110020187286199	0.296429345779503	0.371151469490598	0.710524717278869	-0.470970654402396	0.691011028974794	1.11630060531122	0.624395901413428	1.99573225672584
Tissue CD4 T cells	4	Case	0.60185470046049	0.695989858149519	-0.153502805271891	0.293895853695258	-0.52230340558346	0.601459098403367	-0.729528093720249	0.422522483176466	0.857698358118358	0.482136459636827	1.52580552417268
Tissue CD4 T cells	5	(Intercept)	5.92627661420218e-07	5.92627661420218e-06	-2.60664595624066	0.12863165049929	-20.2644212845192	2.65058369125092e-91	-2.85875935849121	-2.3545325539901	0.0737815959209326	0.0573398543586322	0.0949378744946228
Tissue CD4 T cells	5	sexM	5.92627661420218e-07	5.92627661420218e-06	-0.0852127542783517	0.137371095381817	-0.620310655902587	0.535053280755613	-0.354455153743529	0.184029645186826	0.918316887769704	0.701555579027423	1.20205145760814
Tissue CD4 T cells	5	Case	5.92627661420218e-07	5.92627661420218e-06	0.901908279023174	0.135630294206975	6.64975538316567	2.93580532115387e-11	0.636077787164932	1.16773877088142	2.46430120138713	1.88905704610281	3.21471520602642
Tissue CD4 T cells	6	(Intercept)	0.762652934471621	0.762652934471621	-2.40114071437725	0.204888751529173	-11.7192412782864	1.01577641309054e-31	-2.80271528821181	-1.99956614054269	0.0906145290158133	0.0606451697461679	0.135394012468347
Tissue CD4 T cells	6	sexM	0.762652934471621	0.762652934471621	-0.412502363807326	0.226335535315589	-1.8225258496513	0.0683752351571668	-0.856111861447474	0.0311071338328227	0.661991631868315	0.424810597875621	1.03159601680179
Tissue CD4 T cells	6	Case	0.762652934471621	0.762652934471621	-0.0672780533482777	0.221832951090728	-0.3032825061267	0.761674576847317	-0.50206264807034	0.367506541373784	0.934935203328085	0.605280889778644	1.44412924508784
Tissue CD4 T cells	7	(Intercept)	5.28292432975988e-06	2.64146216487994e-05	-3.26121102104917	0.171499276759407	-19.0158878956921	1.25985725983751e-80	-3.59734342687228	-2.92507861522606	0.0383419369978235	0.0273964064164886	0.0536604732166728
Tissue CD4 T cells	7	sexM	5.28292432975988e-06	2.64146216487994e-05	0.13481310651539	0.178618999074759	0.754752334374944	0.450397598722863	-0.215273698625731	0.484899911656511	1.14432289787104	0.806320721100187	1.62401245599302
Tissue CD4 T cells	7	Case	5.28292432975988e-06	2.64146216487994e-05	1.01772979416766	0.177846045911173	5.72253259246469	1.04947702901506e-08	0.669157949388903	1.36630163894641	2.7669061819256	1.95259244653668	3.92082322819447
Tissue CD4 T cells	8	(Intercept)	0.146899101961979	0.293798203923958	-2.61471200269354	0.15153757665544	-17.254545442803	1.03432478663895e-66	-2.91172019524268	-2.3177038101444	0.0731888638566955	0.0543821015304267	0.0984994996862507
Tissue CD4 T cells	8	sexM	0.146899101961979	0.293798203923958	-0.250490902415863	0.160885540060782	-1.55695099958161	0.119482119636537	-0.565820766568272	0.0648389617365469	0.77841856170989	0.56789384713809	1.06698718478482
Tissue CD4 T cells	8	Case	0.146899101961979	0.293798203923958	0.230745319756585	0.161466310212471	1.42906169994813	0.152986500438832	-0.0857228329764298	0.547213472489599	1.2595384190465	0.91784859333083	1.72842998353035
Tissue CD4 T cells	9	(Intercept)	1.15848973325948e-05	3.86163244419828e-05	-4.77258388155902	0.211983135567485	-22.5139790898115	3.02833270551397e-112	-5.18806319260116	-4.35710457051688	0.00845849614706875	0.00558280917661569	0.0128154401854996
Tissue CD4 T cells	9	sexM	1.15848973325948e-05	3.86163244419828e-05	0.161440623562879	0.195566459093188	0.825502615895666	0.409086298175936	-0.221862592843795	0.544743839969554	1.17520267673887	0.801025423398512	1.72416666321851
Tissue CD4 T cells	9	Case	1.15848973325948e-05	3.86163244419828e-05	1.06431637152245	0.210594608475716	5.0538633406903	4.32961458584403e-07	0.651558523571729	1.47707421947316	2.89885656561739	1.91852857217783	4.38011166989496
Tissue CD4 T cells	10	(Intercept)	0.560578937648006	0.695989858149519	-4.67265079299213	0.198788376243144	-23.5056540090496	3.57034425746583e-122	-5.06226885097389	-4.28303273501037	0.00934745847962707	0.00633117870415331	0.0138007445550436
Tissue CD4 T cells	10	sexM	0.560578937648006	0.695989858149519	-0.0352275334050107	0.203688527347762	-0.172948048982975	0.862692263046379	-0.434449711070626	0.363994644260604	0.965385733762809	0.647620947678347	1.43906650687222
Tissue CD4 T cells	10	Case	0.560578937648006	0.695989858149519	-0.119757590684559	0.205115323881722	-0.583854918385408	0.559317925894772	-0.521776238170002	0.282261056800884	0.88713546055391	0.593465475187712	1.32612486871839
Tissue Myeloid cells	1	(Intercept)	2.30933230108055e-05	0.000184746584086444	-0.60658032801246	0.237548517809504	-2.55350079051595	0.0106646036552567	-1.07216686749996	-0.140993788524961	0.545212131460477	0.34226606809526	0.868494706314103
Tissue Myeloid cells	1	sexM	2.30933230108055e-05	0.000184746584086444	-0.0625978406435098	0.256971452793275	-0.243598422949601	0.807541849813714	-0.566252633173264	0.441056951886244	0.939321154531145	0.567648645701298	1.5543492229417
Tissue Myeloid cells	1	Case	2.30933230108055e-05	0.000184746584086444	-1.25529471686179	0.255062636296159	-4.92151549552809	8.58766013691002e-07	-1.7552082978041	-0.755381135919481	0.284991843944439	0.172871229843621	0.46983151093634
Tissue Myeloid cells	2	(Intercept)	0.0275016879286224	0.0550033758572447	-1.95184073882319	0.180755758674647	-10.7982216065184	3.50934742421468e-27	-2.30611551582371	-1.59756596182267	0.142012423066584	0.0996475801785683	0.202388540385048
Tissue Myeloid cells	2	sexM	0.0275016879286224	0.0550033758572447	-0.135841801578264	0.183165141872897	-0.741635663801843	0.458308109438856	-0.494838882872311	0.223155279715782	0.872980725738382	0.609669127522284	1.25001466058794
Tissue Myeloid cells	2	Case	0.0275016879286224	0.0550033758572447	0.420355224955746	0.187430683512498	2.2427236409652	0.0249146411619258	0.0529978356735251	0.787712614237967	1.52250229038043	1.05442736299183	2.19836216848217
Tissue Myeloid cells	3	(Intercept)	0.18939409385809	0.303030550172945	-1.43453493774169	0.334282242383185	-4.29138840135365	1.77559432477962e-05	-2.08971609348402	-0.77935378199936	0.238226128237747	0.123722256386499	0.458702337256601
Tissue Myeloid cells	3	sexM	0.18939409385809	0.303030550172945	0.251310858518979	0.358560637441277	0.700888029183451	0.483372895641843	-0.451455077139649	0.954076794177606	1.28570969602857	0.636701028156411	2.59627258220132
Tissue Myeloid cells	3	Case	0.18939409385809	0.303030550172945	-0.481789036632041	0.356444476686727	-1.35165241192803	0.176486535223409	-1.18040737342625	0.216829300162171	0.617677355315803	0.307153586902042	1.24213205229995
Tissue Myeloid cells	4	(Intercept)	0.350673016232325	0.400769161408371	-2.52812684401247	0.458408393917345	-5.51500992904661	3.48760268432302e-08	-3.42659078630131	-1.62966290172362	0.0798083738943407	0.0324975432015809	0.195995632782143
Tissue Myeloid cells	4	sexM	0.350673016232325	0.400769161408371	0.0396864873053494	0.483683029809274	0.0820506093029533	0.93460646869013	-0.90831483105404	0.987687805664739	1.04048451794736	0.403203117220172	2.68501900370225
Tissue Myeloid cells	4	Case	0.350673016232325	0.400769161408371	0.44875997827276	0.481489478437138	0.932024474822142	0.351323877038908	-0.494942058399004	1.39246201494452	1.56636864956749	0.609606227833853	4.02474685185892
Tissue Myeloid cells	5	(Intercept)	0.0269092209813682	0.0550033758572447	-2.58149405301936	0.296339457202599	-8.71127347464386	3.0047976424278e-18	-3.16230871633461	-2.00067938970412	0.0756608781723985	0.0423279050603369	0.135243369064884
Tissue Myeloid cells	5	sexM	0.0269092209813682	0.0550033758572447	0.0274290993879319	0.301955743907082	0.0908381441366864	0.927621200690327	-0.564393283594948	0.619251482370811	1.02780874025507	0.568705084811763	1.85753712206456
Tissue Myeloid cells	5	Case	0.0269092209813682	0.0550033758572447	0.72015160317344	0.305151707993984	2.35997893607608	0.0182759727493028	0.122065245684349	1.31823796066253	2.05474469284849	1.12982781576457	3.73683112938052
Tissue Myeloid cells	6	(Intercept)	0.00446547488792654	0.0178618995517061	-3.9581158463989	0.589911333771498	-6.70967926839675	1.95052656952056e-11	-5.11432081466302	-2.80191087813477	0.0190990659856735	0.00601005839207339	0.0606939729581013
Tissue Myeloid cells	6	sexM	0.00446547488792654	0.0178618995517061	0.10011089035497	0.536189918852588	0.186707893667977	0.851889666685959	-0.950802039469556	1.1510238201795	1.10529347766627	0.386430966244875	3.16142798710764
Tissue Myeloid cells	6	Case	0.00446547488792654	0.0178618995517061	1.56786581302374	0.570761289543096	2.74697293202705	0.00601480983165826	0.449194241749635	2.68653738429785	4.79640084656756	1.56704901398134	14.6807540004795
Tissue Myeloid cells	7	(Intercept)	0.227461460356398	0.303281947141863	-3.42279893766846	0.426371558461516	-8.02773747390422	9.92866559252432e-16	-4.25847183628524	-2.58712603905167	0.0326210028886373	0.0141439000984747	0.0752359548675853
Tissue Myeloid cells	7	sexM	0.227461460356398	0.303281947141863	-0.140193984303012	0.440489259917224	-0.318268791228546	0.750281055423332	-1.00353706931747	0.72314910071145	0.869189609903323	0.366580524620697	2.06091302516848
Tissue Myeloid cells	7	Case	0.227461460356398	0.303281947141863	0.534387949096984	0.441126794753075	1.2114157549557	0.225736104188175	-0.330204681234636	1.3989805794286	1.70640351676089	0.718776598292973	4.05106811898052
Tissue Myeloid cells	8	(Intercept)	0.425013865545349	0.425013865545349	-3.11968379695918	0.244323928567488	-12.7686379932183	2.45411146642492e-37	-3.59854989751279	-2.64081769640557	0.044171133258367	0.0273633733871882	0.0713029415533222
Tissue Myeloid cells	8	sexM	0.425013865545349	0.425013865545349	0.362348887454056	0.237758291264878	1.524022087837	0.127503193658354	-0.103648800450888	0.828346575359	1.43670010117173	0.901541862924885	2.28953004357473
Tissue Myeloid cells	8	Case	0.425013865545349	0.425013865545349	0.194314327639426	0.246173429866407	0.789339157133555	0.429913806288387	-0.288176728849428	0.67680538412828	1.21447796695866	0.749629099443494	1.96758201265535
Tissue B cells	1	(Intercept)	0.0839394325925389	0.181868770617168	-2.21480669376071	0.295343753149727	-7.49908088503871	6.42668633643991e-14	-2.79366981299306	-1.63594357452836	0.109174616343326	0.06119622263659	0.194768505966346
Tissue B cells	1	sexM	0.0839394325925389	0.181868770617168	0.299092474765865	0.327997424594702	0.911874461012751	0.361834807084426	-0.343770664461644	0.941955613993373	1.34863433235073	0.70909152929129	2.56499265223622
Tissue B cells	1	Case	0.0839394325925389	0.181868770617168	0.581507338681717	0.326032966951774	1.78358447649784	0.074491209917744	-0.0575055343164983	1.22052021167993	1.7887326255857	0.944116665331526	3.38895024664267
Tissue B cells	2	(Intercept)	0.281722247518407	0.366238921773929	-1.24971406600528	0.365603843440728	-3.41821916926287	0.000630323277376498	-1.96628443175852	-0.53314370025203	0.286586730034445	0.139975981506553	0.586757477589045
Tissue B cells	2	sexM	0.281722247518407	0.366238921773929	-1.14376011179649	0.409393450175231	-2.79379191657055	0.00520939873863533	-1.94615652964654	-0.341363693946444	0.318618724579724	0.142821949965426	0.710800347407279
Tissue B cells	2	Case	0.281722247518407	0.366238921773929	-0.444925868068075	0.405587110289155	-1.0969921301268	0.272644832371929	-1.23986199682849	0.350010260692343	0.640871783334808	0.28942415663468	1.41908210928349
Tissue B cells	3	(Intercept)	0.0715989295010728	0.181868770617168	-1.30166706220306	0.347764245102426	-3.74295828433912	0.000181866430520138	-1.98327245771458	-0.620061666691549	0.272077844068424	0.137618150054652	0.537911265363792
Tissue B cells	3	sexM	0.0715989295010728	0.181868770617168	-0.654469842072553	0.389174330054839	-1.68168810615112	0.0926293355874915	-1.41723751268754	0.108297828542434	0.519717521926402	0.242382671952284	1.11437959001663
Tissue B cells	3	Case	0.0715989295010728	0.181868770617168	-0.723939870841787	0.38529719527681	-1.87891290078477	0.0602563870291537	-1.47910849692863	0.0312287552450562	0.484838287809006	0.227840718569736	1.03172148859608
Tissue B cells	4	(Intercept)	0.518153356038808	0.518153356038808	-2.62239012616628	0.370195640855415	-7.08379526054573	1.40259085720642e-12	-3.34796024947662	-1.89682000285594	0.0726290625850043	0.0351559904658038	0.150045004054357
Tissue B cells	4	sexM	0.518153356038808	0.518153356038808	0.557054802155754	0.410317378724378	1.35761932357719	0.174584508144897	-0.247152482374908	1.36126208668642	1.74552400880685	0.78102159242393	3.90111373984566
Tissue B cells	4	Case	0.518153356038808	0.518153356038808	0.264787760908581	0.408228350922016	0.648626584387236	0.516579768001613	-0.535325104366748	1.06490062618391	1.30315436612707	0.585478917448272	2.90055073094257
Tissue B cells	5	(Intercept)	0.0447174536997734	0.147367884540017	-1.5243016002281	0.269631352644727	-5.65328024829723	1.57414330414595e-08	-2.05276934051458	-0.995833859941617	0.217773096447733	0.128378885998157	0.369415275476954
Tissue B cells	5	sexM	0.0447174536997734	0.147367884540017	-0.547896503042626	0.300921828234404	-1.82072701823359	0.0686483630201666	-1.13769244854401	0.0418994424587531	0.578164699861383	0.320557872806237	1.0427896131188
Tissue B cells	5	Case	0.0447174536997734	0.147367884540017	-0.624188847835288	0.298867444403642	-2.08851402025667	0.0367514920343945	-1.20995827501795	-0.0384194206526233	0.535695783125444	0.298209721965599	0.962309243866595
Tissue B cells	6	(Intercept)	0.392564305344734	0.463939633589231	-3.24250666921667	0.388909033480272	-8.33744240960438	7.59146017321887e-17	-4.00475436810028	-2.48025897033305	0.0390658471070188	0.0182287662752955	0.0837215413890773
Tissue B cells	6	sexM	0.392564305344734	0.463939633589231	0.591934443597359	0.430833200178269	1.37392950068015	0.16946357006251	-0.252483112096183	1.4363519992909	1.80748150674254	0.776869332423096	4.20532676586214
Tissue B cells	6	Case	0.392564305344734	0.463939633589231	0.370512850388763	0.428986857433956	0.863692777454853	0.387756682309213	-0.47028594002281	1.21131164080034	1.44847727634417	0.62482358066804	3.3578861057744
Tissue B cells	7	(Intercept)	0.0453439644738513	0.147367884540017	-3.9470186307421	0.283531094106076	-13.9209374660877	4.72663506787927e-44	-4.50272936368724	-3.39130789779695	0.019312192809747	0.0110787173866943	0.0336646182137269
Tissue B cells	7	sexM	0.0453439644738513	0.147367884540017	0.584735695546745	0.309998575563639	1.88625284643189	0.0592608902014335	-0.0228503478167055	1.1923217389102	1.79451662421952	0.977408744181447	3.2947218180426
Tissue B cells	7	Case	0.0453439644738513	0.147367884540017	0.645782576576328	0.308432273547805	2.09375811794299	0.0362815328001372	0.0412664287528244	1.25029872439983	1.90747919386619	1.04212972188343	3.49138576381511
Tissue B cells	8	(Intercept)	0.0323408641920683	0.147367884540017	-4.15029932506396	0.284995783807705	-14.56266920729	4.85254583443606e-48	-4.70888079707282	-3.59171785305509	0.0157596985060218	0.00901486139773061	0.0275509612453088
Tissue B cells	8	sexM	0.0323408641920683	0.147367884540017	0.410529746525769	0.309636132515266	1.32584573767575	0.184890799577575	-0.196345921516425	1.01740541456796	1.507616228067	0.821727932135465	2.76600879956004
Tissue B cells	8	Case	0.0323408641920683	0.147367884540017	0.682011031062095	0.307178215221417	2.22024543820757	0.026402111432684	0.0799527923928246	1.28406926973137	1.97785125576321	1.08323592949167	3.61130524147201
Tissue B cells	9	(Intercept)	0.498829133756902	0.518153356038808	-4.46058853369974	0.386659819288121	-11.5362091202342	8.66608843306125e-31	-5.21842785377323	-3.70274921362626	0.0115555604490714	0.005415836924523	0.0246556495612918
Tissue B cells	9	sexM	0.498829133756902	0.518153356038808	0.439558230461616	0.424169046340884	1.03628078063095	0.300071169819108	-0.391797823723217	1.27091428464645	1.55202143125128	0.67584073911331	3.56410968392278
Tissue B cells	9	Case	0.498829133756902	0.518153356038808	0.286732215743464	0.422281259039044	0.679007674638368	0.497132999186345	-0.540923843319292	1.11438827480622	1.33206745901703	0.582210132901518	3.04770325196696
Tissue B cells	10	(Intercept)	0.098461445589334	0.182856970380192	-4.53960355332651	0.279404411665913	-16.2474297605385	2.32926912215439e-59	-5.0872261373133	-3.99198096933971	0.0106776388289262	0.00617512510154809	0.0184631030280521
Tissue B cells	10	sexM	0.098461445589334	0.182856970380192	0.593362155900444	0.299199507386298	1.98316555091901	0.0473489404863358	0.00694189723117389	1.17978241456971	1.81006391335551	1.00696604805159	3.25366617550944
Tissue B cells	10	Case	0.098461445589334	0.182856970380192	0.502040844888084	0.296701841762757	1.69207188571993	0.0906322681762276	-0.079484079113621	1.08356576888979	1.65208949091575	0.923592724266377	2.95519834043979
Tissue B cells	11	(Intercept)	0.158440279966753	0.236095868674294	-3.69162598796638	0.396255903368203	-9.3162674841871	1.205050234769e-20	-4.46827328722944	-2.91497868870332	0.0249314308605244	0.0114670991520978	0.0542051862034694
Tissue B cells	11	sexM	0.158440279966753	0.236095868674294	-1.10514205892678	0.443800480827434	-2.49017769621683	0.0127679241379996	-1.97497501767011	-0.235309100183453	0.331163834121393	0.138764778867136	0.790326521796917
Tissue B cells	11	Case	0.158440279966753	0.236095868674294	-0.638623918635775	0.43894084466924	-1.45492023900625	0.145691344071647	-1.49893216553108	0.221684328259526	0.528018520790795	0.223368553484151	1.24817730136701
Tissue B cells	12	(Intercept)	0.0181205946723967	0.147367884540017	-3.59941983363955	0.230422630935174	-15.6209475563717	5.24207657733752e-55	-4.05103989149546	-3.14779977578364	0.0273395793512751	0.0174042666770651	0.0429465149536948
Tissue B cells	12	sexM	0.0181205946723967	0.147367884540017	-0.509603687865036	0.259168554189774	-1.96630215983642	0.0492637174881973	-1.01756472000231	-0.00164265572776068	0.600733609661283	0.361474159956802	0.998358692692728
Tissue B cells	12	Case	0.0181205946723967	0.147367884540017	-0.653624820819878	0.2570438451473	-2.54285342037781	0.0109951343470425	-1.15742149975628	-0.149828141883478	0.52015687988508	0.314295548104771	0.860855908788086
Tissue B cells	13	(Intercept)	0.163450986005281	0.236095868674294	-5.02969750668639	0.243867976417664	-20.6246739755293	1.64838128890692e-94	-5.50766995744767	-4.55172505592511	0.00654078881621359	0.00405554597748928	0.0105489910793196
Tissue B cells	13	sexM	0.163450986005281	0.236095868674294	-0.420604569462219	0.261542591902487	-1.60816854494979	0.107798270215731	-0.933218630014352	0.0920094910899135	0.656649709425051	0.393285829471445	1.0963752278273
Tissue B cells	13	Case	0.163450986005281	0.236095868674294	0.369137542282045	0.260507325873876	1.41699486202074	0.156484429668503	-0.141447434139591	0.879722518703681	1.44648654305322	0.868100806851392	2.41023081964745
Tissue epithelial cells	1	(Intercept)	0.0677642485372559	0.150836690766558	-1.26987473540888	0.107982334280134	-11.7600230063048	6.27172030618172e-32	-1.48151622156451	-1.05823324925325	0.280866802240043	0.227292800740904	0.347068452425255
Tissue epithelial cells	1	sexM	0.0677642485372559	0.150836690766558	-0.101877351517687	0.115577809446854	-0.881461173258641	0.37806826013786	-0.328405695445553	0.124650992410179	0.903140313665129	0.720070830982886	1.13275304466059
Tissue epithelial cells	1	Case	0.0677642485372559	0.150836690766558	-0.218729119727134	0.115907130956501	-1.88710666826203	0.0591459799945208	-0.445902921953244	0.00844468249897645	0.803539351634817	0.640245922868495	1.00848043941128
Tissue epithelial cells	2	(Intercept)	0.301743720720316	0.408241504503957	-1.67793282197439	0.147104690052953	-11.4063856248933	3.88540761503357e-30	-1.96625271643511	-1.38961292751368	0.186759642710721	0.139980420960476	0.249171733490389
Tissue epithelial cells	2	sexM	0.301743720720316	0.408241504503957	-0.0991647004965731	0.157524622132509	-0.629518732716946	0.529009508757183	-0.407907286554572	0.209577885561426	0.905593544033798	0.66504053416349	1.23315741652837
Tissue epithelial cells	2	Case	0.301743720720316	0.408241504503957	-0.164916372019197	0.157913369822106	-1.0443471138953	0.296324822456421	-0.474420889547879	0.144588145509485	0.847964614691338	0.622245300901829	1.15556354821243
Tissue epithelial cells	3	(Intercept)	0.00413532587458891	0.0381568893667652	-2.48687800536253	0.196562216766265	-12.651861818997	1.09254657335228e-36	-2.87213287094576	-2.10162313977929	0.0831692155225534	0.0565781239606828	0.122257825576609
Tissue epithelial cells	3	sexM	0.00413532587458891	0.0381568893667652	-0.0989165948880508	0.210355824273541	-0.470234638045593	0.638187389505527	-0.511206434402427	0.313373244626326	0.905818254745956	0.599771557117638	1.36803204635807
Tissue epithelial cells	3	Case	0.00413532587458891	0.0381568893667652	0.658434944010827	0.210639036990314	3.12589230096558	0.00177266458418575	0.245590017771611	1.07127987025004	1.93176664437601	1.2783753549122	2.91911319628034
Tissue epithelial cells	4	(Intercept)	0.196498921070321	0.323965709944656	-2.34284905700001	0.165633164856148	-14.1448064403935	2.01069120663518e-45	-2.66748409476344	-2.01821401923657	0.0960535858792598	0.0694266767052155	0.132892596882305
Tissue epithelial cells	4	sexM	0.196498921070321	0.323965709944656	0.245597024690943	0.17708454151089	1.38689138303944	0.165474885804828	-0.101482298889189	0.592676348271076	1.27838431241657	0.903497172104236	1.80882298328238
Tissue epithelial cells	4	Case	0.196498921070321	0.323965709944656	0.233200005635128	0.177224205793443	1.31584737305538	0.188225275356248	-0.114153054908736	0.580553066178991	1.26263398798754	0.892121401872799	1.78702650140955
Tissue epithelial cells	5	(Intercept)	0.00663598075943743	0.0381568893667652	-1.95706457197535	0.12153379770159	-16.1030479503377	2.428415297333e-58	-2.19526643837484	-1.71886270557585	0.141272508141601	0.111328895263049	0.179269914692515
Tissue epithelial cells	5	sexM	0.00663598075943743	0.0381568893667652	0.0524841926602798	0.130248830579044	0.402953273568387	0.686982599285028	-0.202798824303105	0.307767209623665	1.05388590281438	0.816442473288865	1.36038426770811
Tissue epithelial cells	5	Case	0.00663598075943743	0.0381568893667652	-0.379993809787125	0.130688892434115	-2.90762131891731	0.00364189049712487	-0.63613933213742	-0.123848287436829	0.683865642473158	0.529332059603107	0.883513870869424
Tissue epithelial cells	6	(Intercept)	0.0721392868883538	0.150836690766558	-2.59151485208225	0.246470620032052	-10.5144980433986	7.40741929502309e-26	-3.07458839059233	-2.10844131357218	0.0749064818550697	0.0462086443805723	0.121427085756771
Tissue epithelial cells	6	sexM	0.0721392868883538	0.150836690766558	0.0131487196398921	0.264772207383387	0.049660497866579	0.960392935732104	-0.505795270938717	0.532092710218501	1.01323554418049	0.603025815776289	1.70249140440049
Tissue epithelial cells	6	Case	0.0721392868883538	0.150836690766558	-0.492684583684045	0.264724947224151	-1.86111882861903	0.0627273978321345	-1.01153594605265	0.0261667786845563	0.610983952984019	0.363659988267689	1.02651213454143
Tissue epithelial cells	7	(Intercept)	0.652049180323055	0.727970053148736	-3.39103634612291	0.218088822783041	-15.5488773007702	1.61919367513667e-54	-3.81848258420841	-2.96359010803741	0.0336737611384909	0.0219610997433237	0.0516332152062127
Tissue epithelial cells	7	sexM	0.652049180323055	0.727970053148736	-0.0779199692292652	0.233423261523445	-0.333814071145771	0.738519864673486	-0.535421154969091	0.379581216510561	0.92503845512174	0.585422684546237	1.46167233700086
Tissue epithelial cells	7	Case	0.652049180323055	0.727970053148736	0.10591167438225	0.23411995401267	0.452382091175868	0.650993746269826	-0.352955003544757	0.564778352309256	1.11172367848922	0.702608807571736	1.75905784839941
Tissue epithelial cells	8	(Intercept)	0.0138267295942216	0.0454306829524423	-3.12699409561146	0.123651285558634	-25.2888118508778	4.24093884051391e-141	-3.36934616194846	-2.88464202927446	0.0438494064746435	0.0344121299494062	0.0558747874951485
Tissue epithelial cells	8	sexM	0.0138267295942216	0.0454306829524423	0.062135552925834	0.132699391220194	0.468242938829537	0.639610868896592	-0.197950474636137	0.322221580487805	1.06410657771222	0.820410483259413	1.38019056537625
Tissue epithelial cells	8	Case	0.0138267295942216	0.0454306829524423	-0.350788302271844	0.133132042670141	-2.63489010786821	0.00841645269353399	-0.61172231109357	-0.0898542934501174	0.704132801392927	0.542415855268449	0.914064360733097
Tissue epithelial cells	9	(Intercept)	0.232510208790732	0.356515653479122	-3.4910910974025	0.154646900300261	-22.5745947097822	7.70125353697201e-113	-3.79419345231177	-3.18798874249323	0.0304676108977618	0.0225010466671938	0.0412547615027538
Tissue epithelial cells	9	sexM	0.232510208790732	0.356515653479122	0.0729034419847956	0.165797837327458	0.439712864533981	0.660145083992345	-0.252054347891653	0.397861231861244	1.07562667152376	0.777202497603985	1.48863744012672
Tissue epithelial cells	9	Case	0.232510208790732	0.356515653479122	-0.200867302670438	0.166335804636897	-1.20760111215334	0.227200731233029	-0.526879489098245	0.12514488375737	0.8180209735508	0.590444586682736	1.13331263976607
Tissue epithelial cells	10	(Intercept)	0.664668309396672	0.727970053148736	-3.71845009905641	0.17589173761966	-21.1405615145893	3.37044099871554e-99	-4.06319156996911	-3.37370862814371	0.024271557217699	0.0171940554208351	0.0342623351706879
Tissue epithelial cells	10	sexM	0.664668309396672	0.727970053148736	0.208141142112167	0.187698318175071	1.10891319717648	0.267467630063798	-0.159740801469713	0.576023085694047	1.23138695784028	0.85236469201154	1.77894961411495
Tissue epithelial cells	10	Case	0.664668309396672	0.727970053148736	0.0818770773693356	0.18825035511132	0.434937173536372	0.66360803101664	-0.287086838725727	0.450840993464398	1.0853223909462	0.750446558184602	1.56963168055389
Tissue epithelial cells	11	(Intercept)	0.481869579959739	0.583315807319684	-3.76248214704987	0.254526230902038	-14.7822962439497	1.90557101850905e-49	-4.26134439273859	-3.26361990136115	0.0232260183742979	0.0141033292459013	0.0382496870148583
Tissue epithelial cells	11	sexM	0.481869579959739	0.583315807319684	-0.0581325990800714	0.273467279971975	-0.212576067915799	0.83165763983527	-0.594118618775274	0.477853420615131	0.943524828617362	0.552048917056566	1.61260909081034
Tissue epithelial cells	11	Case	0.481869579959739	0.583315807319684	-0.193489276915771	0.274210734849951	-0.705622546183865	0.480422899416965	-0.730932441395937	0.343953887564395	0.824078672812753	0.481459847630821	1.41051359179086
Tissue epithelial cells	12	(Intercept)	0.0216509432251883	0.055330188242148	-4.5525684518782	0.194745435789805	-23.3770225906189	7.32166030484012e-121	-4.93426249217977	-4.17087441157662	0.0105400978537165	0.00719576592306571	0.0154387543944159
Tissue epithelial cells	12	sexM	0.0216509432251883	0.055330188242148	0.0256003564259812	0.206589914102134	0.123918713734131	0.901379635735056	-0.379308434783426	0.430509147635388	1.02593085985873	0.684334507546245	1.53804041386784
Tissue epithelial cells	12	Case	0.0216509432251883	0.055330188242148	0.500341368369422	0.206514620520663	2.42278908441429	0.0154018659840696	0.095580149867965	0.905102586870878	1.64928418806756	1.10029700715972	2.47218552382631
Tissue epithelial cells	13	(Intercept)	0.0183927934989788	0.0528792813095641	-4.76513470546611	0.219101046617742	-21.7485711685334	7.12648631079194e-105	-5.19456486581192	-4.33570454512031	0.00852174024009019	0.00554662931800882	0.0130926464625623
Tissue epithelial cells	13	sexM	0.0183927934989788	0.0528792813095641	-0.0297616634739729	0.233390531912429	-0.12751872678854	0.89852985234115	-0.487198700354979	0.427675373407033	0.970676853730602	0.6143449502564	1.53368812419652
Tissue epithelial cells	13	Case	0.0183927934989788	0.0528792813095641	0.582149073173358	0.232957875514403	2.49894566512462	0.0124563407966637	0.125560027250162	1.03873811909655	1.78988088540743	1.13378322480717	2.8256491310248
Tissue epithelial cells	14	(Intercept)	0.00625045834472671	0.0381568893667652	-4.8446816927152	0.185500102532102	-26.11686800484	2.34558132413551e-150	-5.2082552128066	-4.48110817262379	0.00787012217355045	0.00547121146422106	0.011320860732885
Tissue epithelial cells	14	sexM	0.00625045834472671	0.0381568893667652	0.132278832822662	0.19581914791922	0.67551531210436	0.49934842640047	-0.251519644582331	0.516077310227654	1.14142654208428	0.777618181475334	1.67544250123196
Tissue epithelial cells	14	Case	0.00625045834472671	0.0381568893667652	0.58980804370667	0.196103011489282	3.00764398887828	0.00263281367365019	0.205453203927831	0.974162883485507	1.80364216170228	1.2280815102262	2.64894880378981
Tissue epithelial cells	15	(Intercept)	0.78031351971621	0.815782316066946	-5.12623118639781	0.247233898093489	-20.7343379121069	1.69775079481852e-95	-5.61080072241849	-4.64166165037713	0.00593890095939287	0.00365813903076643	0.00964166323609847
Tissue epithelial cells	15	sexM	0.78031351971621	0.815782316066946	-0.104445408412199	0.264665725748184	-0.394631409552339	0.693114929587855	-0.623180698820795	0.414289881996397	0.900823973475613	0.536236116623848	1.51329574049862
Tissue epithelial cells	15	Case	0.78031351971621	0.815782316066946	0.0740960208720333	0.264805238811372	0.279813274105253	0.779620767088913	-0.444912710115783	0.59310475185985	1.07691020638894	0.640880215950636	1.80959805554989
Tissue epithelial cells	16	(Intercept)	0.845009886775192	0.845009886775192	-5.01669408123315	0.157038218642966	-31.9456889194524	6.20114822361793e-224	-5.32448333396969	-4.70890482849661	0.00662639686867598	0.00487086697572238	0.00901464476037901
Tissue epithelial cells	16	sexM	0.845009886775192	0.845009886775192	0.24710429498303	0.166289015199194	1.48599289428126	0.137281000517397	-0.0788161858320228	0.573024775798083	1.28031263599989	0.924209791686501	1.77362376015274
Tissue epithelial cells	16	Case	0.845009886775192	0.845009886775192	0.0324754815557829	0.166094137086256	0.195524550869111	0.844982319755946	-0.293063045176538	0.358014008288104	1.03300856507059	0.745975109082234	1.43048565899478
Tissue epithelial cells	17	(Intercept)	0.0106321630042864	0.0407566248497647	-5.7514930222126	0.289157271267747	-19.8905356832164	4.91472650533846e-88	-6.31823085976527	-5.18475518465994	0.00317803237971057	0.00180313067715259	0.00560130773352383
Tissue epithelial cells	17	sexM	0.0106321630042864	0.0407566248497647	0.425344226162357	0.301742785845687	1.40962517122076	0.158650390477058	-0.166060766689971	1.01674921901468	1.53011703533576	0.846994763557361	2.76419435226667
Tissue epithelial cells	17	Case	0.0106321630042864	0.0407566248497647	0.815182748642184	0.301633220571472	2.70256289110909	0.00688071660858307	0.223992499781273	1.4063729975031	2.2595885713635	1.25106163615726	4.08112627249863
Tissue epithelial cells	18	(Intercept)	0.292520113262507	0.408241504503957	-5.3200854757891	0.167727919676317	-31.7185444501777	8.62435484231413e-221	-5.64882615755651	-4.99134479402169	0.00489233553112694	0.00352164820975061	0.00679651842647341
Tissue epithelial cells	18	sexM	0.292520113262507	0.408241504503957	0.244469782178808	0.176058463217504	1.3885716012231	0.164963057951608	-0.100598464900969	0.589538029258585	1.27694407517359	0.904296066606254	1.80315521800332
Tissue epithelial cells	18	Case	0.292520113262507	0.408241504503957	0.187729798483914	0.176154522009476	1.06571092437704	0.286554337778859	-0.157526720368528	0.532986317336356	1.2065074711549	0.85425398732216	1.70401344278844
Tissue epithelial cells	19	(Intercept)	0.00874530207786483	0.0402283895581782	-4.69998180407601	0.364687187772651	-12.8877074974348	5.27898201709274e-38	-5.4147555577336	-3.98520805041842	0.00909544260017233	0.00445042555190962	0.0185885765592759
Tissue epithelial cells	19	sexM	0.00874530207786483	0.0402283895581782	-0.409198104926948	0.398539513203243	-1.02674412792357	0.304540964491219	-1.19032119722143	0.371924987367532	0.664182641434584	0.304123564733203	1.45052416957567
Tissue epithelial cells	19	Case	0.00874530207786483	0.0402283895581782	-1.12150107953606	0.401386645231169	-2.79406675050226	0.00520497336311174	-1.9082044480645	-0.33479771100761	0.325790390109747	0.14834651146924	0.71548280601037
Tissue epithelial cells	20	(Intercept)	2.96084465398477e-05	0.000680994270416498	-4.74585417767213	0.243154107817046	-19.5178860858193	7.73738379080183e-85	-5.22242747168651	-4.26928088365775	0.00868763804911271	0.00539421890686808	0.0139918412981523
Tissue epithelial cells	20	sexM	2.96084465398477e-05	0.000680994270416498	0.0462523707379584	0.268008612325128	0.17257792701769	0.862983203233653	-0.479034856965851	0.571539598441767	1.04733869524614	0.619380894577828	1.7709915694244
Tissue epithelial cells	20	Case	2.96084465398477e-05	0.000680994270416498	-1.35229448439129	0.273805027052572	-4.93889574982729	7.85661980119386e-07	-1.88894247620035	-0.815646492582238	0.258646119798357	0.151231655375534	0.442353256800816
Tissue epithelial cells	21	(Intercept)	0.0846517448547796	0.162249177638328	-5.6628989454026	0.280634021704325	-20.178946625969	1.49906679402588e-90	-6.21293152077971	-5.11286637002549	0.00347243589106475	0.00200335596776912	0.00601880604922242
Tissue epithelial cells	21	sexM	0.0846517448547796	0.162249177638328	-0.209948824013206	0.299340135483884	-0.701372115282246	0.483070819311697	-0.79664470868896	0.376747060662547	0.810625729480325	0.450839125785705	1.45753559465434
Tissue epithelial cells	21	Case	0.0846517448547796	0.162249177638328	0.527072240166927	0.297616331548506	1.77097888890894	0.0765642123880308	-0.0562450508790768	1.11038953121293	1.69396551718036	0.945307459081407	3.03554060197995
Tissue epithelial cells	22	(Intercept)	0.197196519096747	0.323965709944656	-5.94111179114642	0.320655800858858	-18.5280034704923	1.22757910814553e-76	-6.56958561226363	-5.31263797002921	0.00262910500984642	0.00140237842016613	0.00492890724315391
Tissue epithelial cells	22	sexM	0.197196519096747	0.323965709944656	0.0417336660984991	0.339704563232355	0.122852827472776	0.902223640785835	-0.624075043220826	0.707542375417825	1.04261675758031	0.535756751246672	2.02899860927142
Tissue epithelial cells	22	Case	0.197196519096747	0.323965709944656	0.448726539820425	0.339828661598252	1.3204493632468	0.186685031737096	-0.217325397826598	1.11477847746745	1.56631627349976	0.804668089452304	3.04889270593548
Tissue epithelial cells	23	(Intercept)	0.340444044029353	0.435011834037507	-5.71209523454491	0.316255794528372	-18.0616302795757	6.39070247020065e-73	-6.33194520172261	-5.0922452673672	0.00330573898520129	0.00177857072319747	0.0061442089964428
Tissue epithelial cells	23	sexM	0.340444044029353	0.435011834037507	-0.38832806814129	0.339811181634343	-1.14277601541421	0.253131599419149	-1.0543457456886	0.277689609406021	0.678189814291951	0.348420308240873	1.32007639431677
Tissue epithelial cells	23	Case	0.340444044029353	0.435011834037507	0.326082797291574	0.338457152831425	0.963438930345152	0.335327297440288	-0.337281032567988	0.989446627151136	1.38553008226195	0.713708236457504	2.68974562824328
Blood Myeloid cells	1	(Intercept)	0.714466413646025	0.964554898081258	-2.0238987869343	0.415910702666784	-4.86618587585564	1.13772521957592e-06	-2.83906878494595	-1.20872878892266	0.132139276594427	0.0584800981642986	0.298576592156922
Blood Myeloid cells	1	sexM	0.714466413646025	0.964554898081258	0.120525017465379	0.38832933516398	0.31036804730316	0.756281089759313	-0.640586493596406	0.881636528527164	1.12808896253931	0.526983261082824	2.41484844279145
Blood Myeloid cells	1	Case	0.714466413646025	0.964554898081258	0.143969288040638	0.392916016309294	0.366412368202646	0.71405739202696	-0.62613195287453	0.914070528955806	1.15484864031576	0.534655880596867	2.49445564977289
Blood Myeloid cells	2	(Intercept)	0.395050645262178	0.964554898081258	-1.24441027180937	0.525459946633356	-2.36823049936035	0.0178733966850525	-2.27429284252909	-0.214527701089657	0.288110765081323	0.102869627746044	0.806922458790925
Blood Myeloid cells	2	sexM	0.395050645262178	0.964554898081258	-1.23067678670489	0.491315635693267	-2.50485980355246	0.0122499938883569	-2.1936377377051	-0.267715835704684	0.29209482487613	0.111510364448703	0.76512517146929
Blood Myeloid cells	2	Case	0.395050645262178	0.964554898081258	-0.430967690535472	0.49819086813858	-0.865065415883117	0.387002885352998	-1.40740384951383	0.545468468442889	0.649879907707373	0.244777939331698	1.72541649625307
Blood Myeloid cells	3	(Intercept)	0.433869202645549	0.964554898081258	-2.92980093062462	0.815498049372335	-3.59265228516439	0.000327329244474962	-4.52814773685707	-1.33145412439218	0.0534076689183233	0.0108006632267084	0.264092957943151
Blood Myeloid cells	3	sexM	0.433869202645549	0.964554898081258	-0.18759449741832	0.763861253105808	-0.245587135956397	0.806001848333188	-1.68473504269134	1.3095460478547	0.82895078077042	0.185493573323463	3.70449166851523
Blood Myeloid cells	3	Case	0.433869202645549	0.964554898081258	0.611196614015635	0.7717256765174	0.79198688421747	0.428368323880845	-0.901357917903278	2.12375114593455	1.84263500295711	0.406017946196335	8.36244748768056
Blood Myeloid cells	4	(Intercept)	0.74308108633158	0.964554898081258	-2.89646345876794	0.847924237331224	-3.41594606127115	0.000635608355913193	-4.55836442555573	-1.23456249198015	0.0552181564399622	0.010479184420848	0.290962032747716
Blood Myeloid cells	4	sexM	0.74308108633158	0.964554898081258	0.293678099392771	0.789026440815586	0.37220311538509	0.709741626726548	-1.2527853074556	1.84014150624114	1.34135205212398	0.285707903225508	6.29742932353216
Blood Myeloid cells	4	Case	0.74308108633158	0.964554898081258	-0.264234166007171	0.801372311200551	-0.329727097273072	0.741606177071358	-1.83489503416787	1.30642670215353	0.767793727413091	0.159630256611477	3.69295408256898
Blood Myeloid cells	5	(Intercept)	0.177512776254691	0.964554898081258	-6.17715817719646	1.14561010897058	-5.39202485106135	6.96681299477603e-08	-8.4225127311038	-3.93180362328912	0.00207632001199883	0.00021986150532276	0.0196082746995571
Blood Myeloid cells	5	sexM	0.177512776254691	0.964554898081258	2.57267866453328	1.05903343742009	2.4292704778053	0.0151292408421276	0.497011268766256	4.64834606030031	13.1008703185821	1.64380104222541	104.412151285624
Blood Myeloid cells	5	Case	0.177512776254691	0.964554898081258	1.48276355039145	1.06369938140249	1.39396861210583	0.163327083227722	-0.602048927534955	3.56757602831786	4.40510259806439	0.54768831201913	35.430606192662
Blood Myeloid cells	6	(Intercept)	0.985257649284907	0.985257649284907	-2.68190492671592	0.468883174995841	-5.71977215164463	1.06666994810715e-08	-3.60089906266456	-1.76291079076728	0.0684326706903773	0.0272991677483439	0.171544805357728
Blood Myeloid cells	6	sexM	0.985257649284907	0.985257649284907	0.0737907518598357	0.43748460130929	0.168670512376886	0.86605581413199	-0.783663310497237	0.931244814216908	1.07658150924709	0.456729799868031	2.53766613518021
Blood Myeloid cells	6	Case	0.985257649284907	0.985257649284907	-0.00816562290828822	0.441996461102961	-0.0184744078898543	0.985260393626627	-0.874462767964251	0.858131522147675	0.991867625231647	0.417086031477736	2.35874930286459
Blood Myeloid cells	7	(Intercept)	0.383549540376403	0.964554898081258	-2.36677376867786	0.455043464187872	-5.20120374193683	1.98001897038039e-07	-3.25864256988643	-1.47490496746929	0.0937828037490766	0.0384405429685893	0.228800469499731
Blood Myeloid cells	7	sexM	0.383549540376403	0.964554898081258	-0.605094498220826	0.425310538666941	-1.4227122142738	0.154819598360751	-1.43868783625336	0.228498839811707	0.546022826016075	0.237238850754871	1.25671206710842
Blood Myeloid cells	7	Case	0.383549540376403	0.964554898081258	-0.382207268941119	0.431054026533891	-0.886680660460247	0.375250853397537	-1.22705763633852	0.462643098456279	0.682353607837515	0.293153875243884	1.58826638652319
Blood Myeloid cells	8	(Intercept)	0.895658119646882	0.964554898081258	-2.96681021714288	0.787109090594778	-3.76924908198051	0.000163739423148855	-4.50951568661272	-1.42410474767304	0.0514672180277325	0.0110037881674142	0.240723875379419
Blood Myeloid cells	8	sexM	0.895658119646882	0.964554898081258	-0.795044450763332	0.736976780972431	-1.07879172219548	0.280680585824992	-2.23949239891156	0.649403497384895	0.45156116223812	0.106512556549259	1.91439854462173
Blood Myeloid cells	8	Case	0.895658119646882	0.964554898081258	0.0980537585831377	0.745210270980917	0.131578646190786	0.895317576525547	-1.36253153344879	1.55863905061507	1.10302208041889	0.256011853344177	4.75234913539713
Blood Myeloid cells	9	(Intercept)	0.494501038203319	0.964554898081258	-4.18109056390056	0.664348432499498	-6.29352062767713	3.10345244489811e-10	-5.48318956478521	-2.8789915630159	0.0152818326608187	0.00415605253616158	0.0561913997576537
Blood Myeloid cells	9	sexM	0.494501038203319	0.964554898081258	0.959731235775191	0.615605798580565	1.55900291710717	0.118995689732237	-0.246833958116735	2.16629642966712	2.61099463716347	0.78127040637181	8.72590711192508
Blood Myeloid cells	9	Case	0.494501038203319	0.964554898081258	0.425539745293064	0.621159848577236	0.685072846011797	0.493297954191725	-0.791911186560672	1.6429906771468	1.53041623173675	0.452978241545676	5.17061003718683
Blood Myeloid cells	10	(Intercept)	0.477708011948145	0.964554898081258	-3.90851220386007	0.618172190328419	-6.32269174351498	2.57045758300997e-10	-5.12010743314801	-2.69691697457212	0.0200703394330088	0.00597538090653982	0.067413028768646
Blood Myeloid cells	10	sexM	0.477708011948145	0.964554898081258	0.624463877123558	0.572272940590976	1.09119937853201	0.275185161305355	-0.497170475761585	1.7460982300087	1.8672446164805	0.608249283212419	5.73219328654399
Blood Myeloid cells	10	Case	0.477708011948145	0.964554898081258	0.413586406465297	0.579254885506915	0.713997269273544	0.475228868020016	-0.72173230699713	1.54890511992772	1.51223154833433	0.485909781543947	4.70631451071293
Blood Myeloid cells	11	(Intercept)	0.773584386288274	0.964554898081258	-5.37440756525104	1.82607189915935	-2.94315222074509	0.00324888628002147	-8.95344272078402	-1.79537240971805	0.00463366306354859	0.000129291279190443	0.166065596387739
Blood Myeloid cells	11	sexM	0.773584386288274	0.964554898081258	-0.858401233773571	1.69903678047227	-0.505228164357317	0.613398590838567	-4.1884521319081	2.47164966436096	0.42383916066404	0.015169747477937	11.8419660164856
Blood Myeloid cells	11	Case	0.773584386288274	0.964554898081258	0.503131858363597	1.72566246058739	0.291558673758447	0.770624076695824	-2.87910441386046	3.88536813058766	1.65389292642042	0.0561850588685282	48.6848615476973
Blood Myeloid cells	12	(Intercept)	0.727026216018925	0.964554898081258	-4.96814875076752	1.24466089885104	-3.9915681093169	6.56378310163349e-05	-7.40763928548081	-2.52865821605423	0.00695601343707523	0.000606601017407953	0.0797659772209555
Blood Myeloid cells	12	sexM	0.727026216018925	0.964554898081258	0.396388333609156	1.16906415085835	0.339064655535045	0.734561023740497	-1.89493529769011	2.68771196490842	1.48644644259748	0.150328061304549	14.6980078605181
Blood Myeloid cells	12	Case	0.727026216018925	0.964554898081258	-0.412696814482073	1.17896836304425	-0.350049100059342	0.726301849318795	-2.72343234496094	1.89803871599679	0.661862919663315	0.0656490371363937	6.67279435515741
Blood Myeloid cells	13	(Intercept)	0.85208953807926	0.964554898081258	-4.36232573335869	0.672864039128783	-6.48322020449627	8.97853046763819e-11	-5.68111501654325	-3.04353645017413	0.0127487030597098	0.00340975439044478	0.047666022561658
Blood Myeloid cells	13	sexM	0.85208953807926	0.964554898081258	-0.552490842998228	0.62700667334934	-0.881156240406399	0.378233260509112	-1.7814013408292	0.676419654832749	0.575514507284393	0.168401993252245	1.96682320498829
Blood Myeloid cells	13	Case	0.85208953807926	0.964554898081258	0.118779533399065	0.636039268344474	0.186748742272206	0.851857637499388	-1.12783452530931	1.36539359210744	1.12612161871296	0.323733534707087	3.91726455302233
Blood Myeloid cells	14	(Intercept)	0.169405624409051	0.964554898081258	-5.0547247606484	0.492806306810667	-10.2570212491018	1.10049136804201e-24	-6.0206073733515	-4.0888421479453	0.00637912230621101	0.00242819432652436	0.0167586263393696
Blood Myeloid cells	14	sexM	0.169405624409051	0.964554898081258	-0.0680443159831822	0.445725963901503	-0.15265952960779	0.878666777284863	-0.941651152204528	0.805562520238163	0.934219071823165	0.389983381539106	2.23795503981141
Blood Myeloid cells	14	Case	0.169405624409051	0.964554898081258	-0.658306632160687	0.450363685888593	-1.4617222764349	0.143817330242573	-1.54100323644704	0.224389972125664	0.517727295371907	0.214166134341908	1.25155899739588
Blood B cells	1	(Intercept)	0.313543014161373	0.418057352215164	0.910425141604219	0.340217999885909	2.67600521403784	0.00745054860195823	0.243610114935585	1.57724016827285	2.48537894679879	1.27584679989412	4.84157542245926
Blood B cells	1	sexM	0.313543014161373	0.418057352215164	-0.572131638506922	0.324198553302604	-1.76475691417691	0.0776046287222138	-1.20754912682001	0.0632858498061704	0.564321226825944	0.298929019479134	1.06533132046274
Blood B cells	1	Case	0.313543014161373	0.418057352215164	-0.327540646834154	0.323835870784712	-1.01144028930601	0.311805746171038	-0.962247290474357	0.307165996806049	0.720693996750818	0.382033380580635	1.35956663306033
Blood B cells	2	(Intercept)	0.955773338242577	0.955773338242577	-1.48309315640248	0.4463453121022	-3.3227483658726	0.000891352818555384	-2.35791389279108	-0.608272420013879	0.226934657263675	0.0946173994985258	0.544290362452671
Blood B cells	2	sexM	0.955773338242577	0.955773338242577	0.700250578984107	0.422968605167078	1.65556159589552	0.0978106328601319	-0.128752653734507	1.52925381170272	2.01425737480503	0.879191403363534	4.61473207817393
Blood B cells	2	Case	0.955773338242577	0.955773338242577	-0.0234240128612805	0.422359121788099	-0.0554599430979793	0.955772041585196	-0.85123268010792	0.804384654385359	0.976848199748395	0.426888390659445	2.23532058081413
Blood B cells	3	(Intercept)	0.244889038672816	0.418057352215164	-2.33441595914706	0.389066928068524	-6.00003698781591	1.97272587267358e-09	-3.096973125737	-1.57185879255711	0.0968670403176715	0.0451857672428986	0.207658828707397
Blood B cells	3	sexM	0.244889038672816	0.418057352215164	-0.625009963536855	0.370637373728156	-1.68631122449963	0.0917358702234676	-1.35144586736855	0.101425940294843	0.535256095448588	0.258865704456946	1.10674794992984
Blood B cells	3	Case	0.244889038672816	0.418057352215164	0.464178443268912	0.375926195230766	1.23475950640783	0.216920021993625	-0.272623360228561	1.20098024676639	1.59070679603647	0.761379499432655	3.32337305225857
Blood B cells	4	(Intercept)	0.0823649507317993	0.329459802927197	-5.81048298521178	0.88559569885318	-6.5611011805231	5.34118620547793e-11	-7.54621865982759	-4.07474731059597	0.00299598270748359	0.000528103294521881	0.0169965089721076
Blood B cells	4	sexM	0.0823649507317993	0.329459802927197	1.83706372103304	0.793255841970949	2.31585274741704	0.0205663100697751	0.28231084024398	3.39181660182209	6.27807698515816	1.32619088942368	29.7198924724183
Blood B cells	4	Case	0.0823649507317993	0.329459802927197	1.38208851951155	0.79316768164642	1.74249222641381	0.081422350520512	-0.172491570216568	2.93666860923966	3.98321196222762	0.841565382995795	18.852935085749
Blood CD4 T cells	1	(Intercept)	0.0155138930247456	0.0542986255866097	0.571406709303718	0.398244969554987	1.43481212064581	0.151340643055564	-0.209139088048307	1.35195250665574	1.77075623951799	0.811282388111734	3.86496453730492
Blood CD4 T cells	1	sexM	0.0155138930247456	0.0542986255866097	-1.01042879454849	0.374221009466852	-2.70008569531689	0.00693216176207102	-1.74388849536174	-0.276969093735241	0.364062837937359	0.174839215604003	0.758077926105548
Blood CD4 T cells	1	Case	0.0155138930247456	0.0542986255866097	-0.982749157575473	0.377108286145154	-2.60601316301281	0.00916029412557968	-1.7218678166916	-0.243630498459346	0.374280726477793	0.178731997334683	0.783777187642722
Blood CD4 T cells	2	(Intercept)	0.356991850240612	0.427487585220042	-1.60802482818767	0.448421889110121	-3.58596417177302	0.000335835068637224	-2.48691558072292	-0.729134075652416	0.200282816624084	0.0831660904680198	0.482326467543901
Blood CD4 T cells	2	sexM	0.356991850240612	0.427487585220042	0.668851048134413	0.419637659394793	1.59387755879451	0.110963461665803	-0.153623650836066	1.49132574710489	1.95199328541169	0.85759471533889	4.44298188659736
Blood CD4 T cells	2	Case	0.356991850240612	0.427487585220042	0.393949362342645	0.422832478498768	0.931691349116155	0.351496058508586	-0.434787067008747	1.22268579169404	1.48282545996605	0.647402505754408	3.3962972419474
Blood CD4 T cells	3	(Intercept)	0.242552417283879	0.424466730246789	-2.8436068485731	0.415138477900504	-6.84977904952147	7.3964137590923e-12	-3.65726331385487	-2.02995038329134	0.0582153130182426	0.0258030309865786	0.131342037746448
Blood CD4 T cells	3	sexM	0.242552417283879	0.424466730246789	0.200133496270943	0.387394665500983	0.516613970437947	0.605425661377193	-0.559146095913924	0.95941308845581	1.22156582175765	0.571697029910896	2.61016408834418
Blood CD4 T cells	3	Case	0.242552417283879	0.424466730246789	0.463337037079409	0.392413463836288	1.18073684972417	0.237707277837888	-0.305779219088326	1.23245329324714	1.58936892841658	0.736549217513902	3.42963311962025
Blood CD4 T cells	4	(Intercept)	0.366417930188607	0.427487585220042	-3.10207142430821	0.480391654105326	-6.4573799269795	1.06531214889793e-10	-4.04362176482827	-2.16052108378815	0.0449559829624842	0.017533853784364	0.115265042641422
Blood CD4 T cells	4	sexM	0.366417930188607	0.427487585220042	-0.0320851587233716	0.448302867092843	-0.0715702733097328	0.942943897850167	-0.91074263239139	0.846572314944647	0.9684241088068	0.40222540747571	2.33164100797108
Blood CD4 T cells	4	Case	0.366417930188607	0.427487585220042	0.414719540302834	0.454020404681567	0.913438109887821	0.361012169886993	-0.475144101119337	1.30458318172501	1.51394608028556	0.621795448588737	3.68615231779865
Blood CD4 T cells	5	(Intercept)	0.0983947002170834	0.229587633839861	-3.29969975531687	0.326203434693809	-10.115466007935	4.71766540201514e-24	-3.93904673895	-2.66035277168374	0.0368942430387668	0.0194667628101636	0.0699235503446376
Blood CD4 T cells	5	sexM	0.0983947002170834	0.229587633839861	0.444405749799696	0.301097351597256	1.47595369883601	0.139956322343493	-0.145734215171319	1.03454571477071	1.55956314969718	0.864387413717172	2.81382766488223
Blood CD4 T cells	5	Case	0.0983947002170834	0.229587633839861	0.514817467247991	0.305031350283142	1.68775264172065	0.0914587219835081	-0.0830329934625893	1.11266792795857	1.67333303583555	0.920320782149907	3.04246465268077
Blood CD4 T cells	6	(Intercept)	0.711672083275006	0.711672083275006	-3.2309549412787	0.441452443497674	-7.31891960021673	2.49975301222836e-13	-4.09618583142134	-2.36572405113605	0.0395197417306795	0.0166360070816162	0.0938813008913362
Blood CD4 T cells	6	sexM	0.711672083275006	0.711672083275006	0.0188796923027731	0.41534748572814	0.0454551741650136	0.963744503775212	-0.795186420793645	0.832945805399191	1.0190590405957	0.451497058636732	2.30008437121486
Blood CD4 T cells	6	Case	0.711672083275006	0.711672083275006	0.1563448929327	0.419671958507066	0.37254071844323	0.709490301193771	-0.666197031062537	0.978886816927936	1.16922939251146	0.513658294619348	2.66149186459809
Blood CD4 T cells	7	(Intercept)	0.00867170356123324	0.0542986255866097	-3.8357251642664	0.291271504891647	-13.1688994626964	1.32515217375606e-39	-4.40660682357681	-3.26484350495599	0.0215856796297128	0.0121964930488686	0.0382029131824762
Blood CD4 T cells	7	sexM	0.00867170356123324	0.0542986255866097	0.705276156848937	0.267007671309572	2.64140784191639	0.00825622654502759	0.181950737486267	1.22860157621161	2.0244056612246	1.19955509932475	3.41644855122134
Blood CD4 T cells	7	Case	0.00867170356123324	0.0542986255866097	0.757350139215288	0.272700625243778	2.77722186569342	0.0054825740706837	0.222866735175928	1.29183354325465	2.13261758680014	1.24965402771471	3.63945353726938
Blood CD8 T cells	1	(Intercept)	0.567344706595103	0.661902157694286	-2.05169731785297	0.724470118869957	-2.83199715821717	0.00462582597834997	-3.47163265871354	-0.631761976992404	0.128516584868187	0.0310662686196332	0.531654212754212
Blood CD8 T cells	1	sexM	0.567344706595103	0.661902157694286	-0.898861809135879	0.706421756084301	-1.2724152411702	0.203225621652105	-2.28342300895665	0.485699390684889	0.407032677064003	0.101934685508216	1.6253113390391
Blood CD8 T cells	1	Case	0.567344706595103	0.661902157694286	-0.441705623265086	0.689483291751156	-0.640632816704287	0.521761273051646	-1.79306804303947	0.909656796509301	0.642938873846907	0.166448713666326	2.48347005151508
Blood CD8 T cells	2	(Intercept)	0.158358712142631	0.316717424285261	-2.57410124647312	0.452520787996911	-5.68836021405208	1.28265042782209e-08	-3.46102569320275	-1.68717679974349	0.0762222970815781	0.0313975412522365	0.185041195605675
Blood CD8 T cells	2	sexM	0.158358712142631	0.316717424285261	0.0551303723692348	0.423983842609688	0.130029418172869	0.896543151934798	-0.775862689172651	0.886123433911121	1.056678367358	0.460306508221399	2.42570798391866
Blood CD8 T cells	2	Case	0.158358712142631	0.316717424285261	0.620904847854653	0.428843617545951	1.44785843242291	0.14765664691742	-0.219613197535281	1.46142289324459	1.86061085012487	0.802829274254141	4.3120908101148
Blood CD8 T cells	3	(Intercept)	0.00602896352366219	0.0844054893312707	-3.45332324818529	0.310498144826898	-11.1218804547464	9.81804916580749e-29	-4.06188842931251	-2.84475806705807	0.0316403128546203	0.0172164762991119	0.0581483330354825
Blood CD8 T cells	3	sexM	0.00602896352366219	0.0844054893312707	0.977608605256061	0.291408961374802	3.35476507189046	0.000794324111411622	0.406457536189226	1.5487596743229	2.65809208791217	1.50148938105114	4.70563004772969
Blood CD8 T cells	3	Case	0.00602896352366219	0.0844054893312707	0.898015085682697	0.293088983613925	3.06396738154314	0.00218422723749918	0.323571233533954	1.47245893783144	2.45472585179902	1.38205460139507	4.35994279922659
Blood CD8 T cells	4	(Intercept)	0.756431479526674	0.814618516413341	-2.66183651943456	0.648406308594668	-4.10519836736895	4.03968079700507e-05	-3.93268953162867	-1.39098350724044	0.0698198783646375	0.0195909112578212	0.248830457690254
Blood CD8 T cells	4	sexM	0.756431479526674	0.814618516413341	-0.70828375065989	0.611100244702891	-1.15903038298446	0.246443800699316	-1.90601822122117	0.489450719901389	0.492488705976725	0.148671185370811	1.63141986733798
Blood CD8 T cells	4	Case	0.756431479526674	0.814618516413341	0.193591092151158	0.614323813822755	0.315128744475162	0.75266390461818	-1.01046145778673	1.39764364208905	1.21359993094492	0.364050946660355	4.04565571357679
Blood CD8 T cells	5	(Intercept)	0.980937238809284	0.980937238809284	-3.56344430192889	0.577832814843371	-6.16691231510417	6.96363465385028e-10	-4.6959758081073	-2.43091279575048	0.0283410413098189	0.00913195198596317	0.0879565096005206
Blood CD8 T cells	5	sexM	0.980937238809284	0.980937238809284	1.42560965763032	0.542354823709838	2.62855532081159	0.00857484070822936	0.362613736317472	2.48860557894318	4.16039348537404	1.43708065995365	12.0444693436352
Blood CD8 T cells	5	Case	0.980937238809284	0.980937238809284	0.0131897291835502	0.548293137470691	0.0240559807923097	0.98080795539009	-1.06144507322947	1.08782453159657	1.0132770973598	0.345955517880028	2.9678106663122
Blood CD8 T cells	6	(Intercept)	0.125562779478393	0.292979818782917	-3.56881918906392	0.638916871502015	-5.58573321232551	2.32716259078e-08	-4.82107324632287	-2.31656513180496	0.0281891200570259	0.00805813413369888	0.0986117228138853
Blood CD8 T cells	6	sexM	0.125562779478393	0.292979818782917	1.33916391371399	0.607240123204749	2.20532844016707	0.0274310555258858	0.148995142265016	2.52933268516296	3.8158517899265	1.160667350981	12.5451317902399
Blood CD8 T cells	6	Case	0.125562779478393	0.292979818782917	0.988901820222446	0.603312504887205	1.63912037660703	0.101188192130143	-0.193568960779121	2.17137260122401	2.68828063529399	0.824013009656581	8.77031392636455
Blood CD8 T cells	7	(Intercept)	0.0273967891403526	0.191777523982468	-1.76216720137934	0.40981369829115	-4.29992264467309	1.70857737391022e-05	-2.56538729040116	-0.958947112357523	0.171672411692027	0.0768893971491547	0.383296241469893
Blood CD8 T cells	7	sexM	0.0273967891403526	0.191777523982468	-1.15496689438692	0.385642912333834	-2.99491280002345	0.00274523310536509	-1.91081311345437	-0.399120675319468	0.315067967248979	0.14796002937946	0.670909734221666
Blood CD8 T cells	7	Case	0.0273967891403526	0.191777523982468	-0.917520826721402	0.388986295593347	-2.3587484626466	0.0183366800932801	-1.67991995656401	-0.15512169687879	0.399508264563719	0.186388894649891	0.856310960771118
Blood CD8 T cells	8	(Intercept)	0.4088936643468	0.57245113008552	-3.39029923113473	0.592868812526734	-5.71846445537537	1.07490995830785e-08	-4.55230075124416	-2.2282977110253	0.0336985917229082	0.0105429198222993	0.107711630482607
Blood CD8 T cells	8	sexM	0.4088936643468	0.57245113008552	0.155417694418535	0.560506435195362	0.277280838647936	0.781564471496215	-0.943154731667308	1.25399012050438	1.16814578719226	0.389397451142641	3.50429766843844
Blood CD8 T cells	8	Case	0.4088936643468	0.57245113008552	0.47692189141217	0.559485094850871	0.852430021463381	0.393975463409864	-0.619648744382513	1.57349252720685	1.61110759780016	0.538133426790091	4.82346489266109
Blood CD8 T cells	9	(Intercept)	0.468344420272585	0.596074716710563	-3.53800591636827	0.480551271314234	-7.36239008731028	1.80646154877333e-13	-4.47986910086911	-2.59614273186744	0.0290712398050498	0.0113348967857003	0.0745606245721539
Blood CD8 T cells	9	sexM	0.468344420272585	0.596074716710563	0.563597333285388	0.450634182689062	1.25067594722229	0.211052729355801	-0.319629434987817	1.44682410155859	1.75698159390572	0.726418172363442	4.24959677327429
Blood CD8 T cells	9	Case	0.468344420272585	0.596074716710563	0.335215206008578	0.454267656496384	0.737924439952388	0.460560366441557	-0.555133040065747	1.2255634520829	1.39824126276717	0.573995891665279	3.40608470773656
Blood CD8 T cells	10	(Intercept)	0.0967098553184873	0.270787594891764	-4.99322858386972	0.690172320592566	-7.23475635705392	4.66365618292269e-13	-6.34594147535759	-3.64051569238186	0.0067837272657716	0.0017538507579188	0.0262388093220551
Blood CD8 T cells	10	sexM	0.0967098553184873	0.270787594891764	1.51563763620098	0.64334164261824	2.35588299559269	0.0184787370554809	0.254711186914389	2.77656408548757	4.55232292749787	1.29008897248576	16.0637324077673
Blood CD8 T cells	10	Case	0.0967098553184873	0.270787594891764	1.1270527434076	0.651970790096423	1.72868594809426	0.0838653176287372	-0.150786524153516	2.40489201096871	3.08654623783176	0.860031274968381	11.077233997826
Blood CD8 T cells	11	(Intercept)	0.39475561809093	0.57245113008552	-3.12918045137824	0.545253961508092	-5.7389412499148	9.52702596547367e-09	-4.19785857836189	-2.0605023243946	0.0437536407989939	0.0150277230802207	0.12738996273408
Blood CD8 T cells	11	sexM	0.39475561809093	0.57245113008552	-0.763109009935095	0.516795200337626	-1.4766178351435	0.13977810813471	-1.77600898998	0.249790970109814	0.466214705319958	0.169312528640366	1.28375704504572
Blood CD8 T cells	11	Case	0.39475561809093	0.57245113008552	-0.453242507038378	0.517626943630094	-0.875616141346525	0.381238747414174	-1.46777267398091	0.561287659904151	0.63556398619626	0.230438174954009	1.75292822307024
Blood CD8 T cells	12	(Intercept)	0.238188925614512	0.416830619825397	-4.28363013472564	0.658107151432944	-6.50901623755126	7.56445468294593e-11	-5.57349644950246	-2.99376381994882	0.0137925024563348	0.00379718054492162	0.0500985196140911
Blood CD8 T cells	12	sexM	0.238188925614512	0.416830619825397	0.182628188448863	0.613973730102719	0.29745277280562	0.766120858914375	-1.02073821000618	1.38599458690391	1.20036801440544	0.360328843609722	3.99880108284727
Blood CD8 T cells	12	Case	0.238188925614512	0.416830619825397	0.744933755442347	0.624190881273308	1.19343902288789	0.232697479772832	-0.478457891331654	1.96832540221635	2.10630189932143	0.619738359180957	7.15867853806621
Blood CD8 T cells	13	(Intercept)	0.0630186639600155	0.220565323860054	-3.22317972236857	0.535076564672916	-6.02377292367281	1.70397391038122e-09	-4.2719105180989	-2.17444892663824	0.0398282140397411	0.0139550962046356	0.113670777351467
Blood CD8 T cells	13	sexM	0.0630186639600155	0.220565323860054	-1.39140851762371	0.500601294498126	-2.77947446983464	0.00544469332250749	-2.37256902545417	-0.410248009793255	0.248724724632477	0.0932408801301191	0.663485678783486
Blood CD8 T cells	13	Case	0.0630186639600155	0.220565323860054	-1.01261207305875	0.509281606150101	-1.98831463934769	0.04677690272253	-2.01078567910166	-0.0144384670158394	0.363268854425866	0.133883443911475	0.985665267791715
Blood CD8 T cells	14	(Intercept)	0.0455921032362292	0.212763148435736	-5.30471442430906	0.369939660201446	-14.3394044894252	1.24115878529373e-46	-6.02978283475688	-4.57964601386124	0.00496811679926115	0.00240601642503076	0.0102585270301242
Blood CD8 T cells	14	sexM	0.0455921032362292	0.212763148435736	0.862679976341114	0.343895074718346	2.50855577692603	0.0121225827827598	0.188658015432446	1.53670193724978	2.36950240247425	1.2076278917544	4.64923150058635
Blood CD8 T cells	14	Case	0.0455921032362292	0.212763148435736	0.724094111814687	0.348075204279313	2.08028064887276	0.0374997986633934	0.0418792475158115	1.40630897611356	2.06286153139507	1.04276855425471	4.08086500148737
Luoma Tissue CD8 T cells	1	(Intercept)	0.000936770065668479	0.00405933695123007	-0.923263924754236	0.0808184875614245	-11.4239198556212	3.17579707137832e-30	-1.08166524965963	-0.764862599848845	0.397220425366147	0.339030484908969	0.465397872319441
Luoma Tissue CD8 T cells	1	Case	0.000936770065668479	0.00405933695123007	-0.519197540018457	0.129631889435345	-4.00516834461022	6.19733296239327e-05	-0.773271374559613	-0.265123705477302	0.594997818387739	0.461500853997134	0.767111048267676
Luoma Tissue CD8 T cells	2	(Intercept)	0.0113880966234833	0.0296090512210565	-1.09852722137231	0.127127949014511	-8.64111495456382	5.56670719990636e-18	-1.3476934228692	-0.849361019875429	0.333361690304707	0.259838908450733	0.427688128869593
Luoma Tissue CD8 T cells	2	Case	0.0113880966234833	0.0296090512210565	-0.579582070258297	0.206284296055399	-2.809627690237	0.00495988396661747	-0.983891861103077	-0.175272279413517	0.560132413649333	0.373853278840806	0.839228485018122
Luoma Tissue CD8 T cells	3	(Intercept)	0.018748285619293	0.0348182447215442	-1.94783699938802	0.132636656004206	-14.6855104619514	7.9830762936014e-49	-2.2078000681861	-1.68787393058995	0.142582143550235	0.109942248116071	0.184912242634123
Luoma Tissue CD8 T cells	3	Case	0.018748285619293	0.0348182447215442	0.535205075546917	0.210596119428583	2.54138146989178	0.0110415377246371	0.122444266182998	0.947965884910836	1.70779843404298	1.13025612483052	2.58045537400384
Luoma Tissue CD8 T cells	4	(Intercept)	9.41897248639613e-07	1.2244664232315e-05	-3.2051238672804	0.113065337095568	-28.3475373586096	8.97598088214568e-177	-3.42672785588759	-2.9835198786732	0.0405538780281672	0.0324930890820484	0.0506143635334465
Luoma Tissue CD8 T cells	4	Case	9.41897248639613e-07	1.2244664232315e-05	1.26791158480366	0.16383605092676	7.73890470156939	1.00276905629251e-14	0.946798825617945	1.58902434398938	3.5534237836396	2.57744558622174	4.89896688940199
Luoma Tissue CD8 T cells	5	(Intercept)	0.0728153398947919	0.0860544926029359	-2.67315396849066	0.135826939851575	-19.6805874549757	3.16314651595809e-86	-2.93936987873003	-2.40693805825128	0.0690341500548287	0.0528990510559287	0.0900907252335008
Luoma Tissue CD8 T cells	5	Case	0.0728153398947919	0.0860544926029359	0.394169889994953	0.211993107307623	1.85935238650459	0.0629772060280807	-0.0213289652987227	0.809668745288628	1.48315250004289	0.978896888489097	2.24716347988265
Luoma Tissue CD8 T cells	6	(Intercept)	0.0418363760113444	0.0554339404625619	-3.11354330858619	0.120470642996118	-25.8448301690106	2.78150445885203e-147	-3.34966143005296	-2.87742518711941	0.0444432000451629	0.0350962346198346	0.0562794855815696
Luoma Tissue CD8 T cells	6	Case	0.0418363760113444	0.0554339404625619	0.403085858561638	0.184003239259645	2.19064544832739	0.0284774595676785	0.042446136574027	0.763725580549249	1.49643536793638	1.04335985592375	2.14625739882266
Luoma Tissue CD8 T cells	7	(Intercept)	0.0183311892784243	0.0348182447215442	-3.01610887610497	0.171272117961598	-17.6100401629951	2.06298622145256e-69	-3.3517960588656	-2.68042169334434	0.0489914798743865	0.0350213970897913	0.0685342476237779
Luoma Tissue CD8 T cells	7	Case	0.0183311892784243	0.0348182447215442	-0.717877967060855	0.281073232207938	-2.55406024053464	0.0106474833457315	-1.26877137920668	-0.166984554915034	0.487786256984428	0.28117686939409	0.846212681063015
Luoma Tissue CD8 T cells	8	(Intercept)	0.0357229082320331	0.0554339404625619	-3.27834186022795	0.229748983989649	-14.26923333152	3.4029913429211e-46	-3.72864159433233	-2.82804212612357	0.037690701473026	0.0240254499875018	0.0591285065739773
Luoma Tissue CD8 T cells	8	Case	0.0357229082320331	0.0554339404625619	-0.849604731733975	0.376446785393632	-2.25690526443355	0.0240139950292049	-1.58742687320137	-0.111782590266578	0.427583908901165	0.204451013863954	0.894238652554971
Luoma Tissue CD8 T cells	9	(Intercept)	2.85043517853723e-06	1.8527828660492e-05	-5.62761049074569	0.28550478969082	-19.7110895997225	1.73197291332172e-86	-6.18718959595338	-5.068031385538	0.00359716051439343	0.00205559569741339	0.00629479998551923
Luoma Tissue CD8 T cells	9	Case	2.85043517853723e-06	1.8527828660492e-05	2.43375593564284	0.360174340098537	6.75716080989281	1.4072197856159e-11	1.72782720089422	3.13968467039145	11.4016255306447	5.62841120594314	23.0965826739495
Luoma Tissue CD8 T cells	10	(Intercept)	0.0103733565419	0.0296090512210565	-3.48197781404828	0.112564921493628	-30.9330630523773	4.29312663508309e-210	-3.70260100609837	-3.26135462199819	0.0307465399181349	0.0246593039849616	0.0383364314545934
Luoma Tissue CD8 T cells	10	Case	0.0103733565419	0.0296090512210565	-0.505574247675967	0.178942699155637	-2.82534157616701	0.00472302372833067	-0.856295493317402	-0.154853002034532	0.603159113239992	0.424732596273177	0.856541078025635
Luoma Tissue CD8 T cells	11	(Intercept)	0.942700883622061	0.942700883622061	-3.88657992618931	0.105101440130934	-36.9793213237372	2.46196509943615e-299	-4.09257496356923	-3.68058488880939	0.0205153903405398	0.0166961860886091	0.0252082265129913
Luoma Tissue CD8 T cells	11	Case	0.942700883622061	0.942700883622061	-0.0105192510537194	0.146432317977732	-0.071836949650138	0.94273166720009	-0.297521320462792	0.276482818355353	0.989535882776099	0.742656749266399	1.31848429879445
Luoma Tissue CD8 T cells	12	(Intercept)	0.0426414926635091	0.0554339404625619	-4.9697972691464	0.216716407893817	-22.9322611861554	2.21519533656065e-116	-5.39455362347718	-4.54504091481563	0.0069445557677645	0.00454124705251031	0.0106197382027327
Luoma Tissue CD8 T cells	12	Case	0.0426414926635091	0.0554339404625619	0.654726190985126	0.303476034882746	2.1574230440901	0.030972717308997	0.0599240924439234	1.24952828952633	1.92461546815889	1.06175594818721	3.4886969143905
Luoma Tissue CD8 T cells	13	(Intercept)	0.26242996781311	0.284299131797535	-4.96778774731002	0.239829544772587	-20.7138271976483	2.59959379796925e-95	-5.43784501749293	-4.49773047712712	0.00695852503529698	0.00434884486468978	0.0111342372913799
Luoma Tissue CD8 T cells	13	Case	0.26242996781311	0.284299131797535	0.378684454084257	0.34008003013224	1.11351570375069	0.265487007661992	-0.287860156836229	1.04522906500474	1.46036215171974	0.749866448603726	2.84404992135143
Luoma Tissue CD4 T cells	1	(Intercept)	0.00207984714514369	0.00381305309943009	-0.989733094316419	0.09068298196524	-10.9142098425457	9.85828098190401e-28	-1.16746847297898	-0.811997715653853	0.371675880189253	0.311153638916772	0.443970253394359
Luoma Tissue CD4 T cells	1	Case	0.00207984714514369	0.00381305309943009	-0.533695709629687	0.148453496856213	-3.59503629710122	0.000324346353041067	-0.824659216846894	-0.24273220241248	0.586433671339271	0.438384361017181	0.784481567915646
Luoma Tissue CD4 T cells	2	(Intercept)	0.476138793083769	0.523752672392145	-1.96187362676129	0.0801345743914307	-24.4822368080249	2.28387153694181e-132	-2.11893450648494	-1.80481274703764	0.140594751899855	0.120159589591982	0.1645052577901
Luoma Tissue CD4 T cells	2	Case	0.476138793083769	0.523752672392145	-0.0929630863927789	0.129606780856595	-0.717270236775953	0.47320736831972	-0.346987709023881	0.161061536238323	0.911227136355923	0.706814015638548	1.17475725673221
Luoma Tissue CD4 T cells	3	(Intercept)	0.000434220709098802	0.00159214260002894	-1.85293276768156	0.0838275429344911	-22.1041044842455	2.88602903043611e-108	-2.01723173274565	-1.68863380261748	0.156776701781714	0.133023199619116	0.184771786364552
Luoma Tissue CD4 T cells	3	Case	0.000434220709098802	0.00159214260002894	-0.594025952370227	0.139312922207368	-4.26396879024629	2.00827507452578e-05	-0.867074262477699	-0.320977642262755	0.552100075815432	0.420179086365365	0.725439469993887
Luoma Tissue CD4 T cells	4	(Intercept)	0.00179508166384973	0.00381305309943009	-1.92099129401912	0.0786012785912861	-24.4396952371216	6.47671451497644e-132	-2.07504696919684	-1.7669356188414	0.146461703534512	0.125550530347133	0.170855754594758
Luoma Tissue CD4 T cells	4	Case	0.00179508166384973	0.00381305309943009	-0.478474685522375	0.130138222723154	-3.67666528334449	0.000236302769987236	-0.733540915071809	-0.22340845597294	0.619727951264152	0.480205608827904	0.799788104340329
Luoma Tissue CD4 T cells	5	(Intercept)	3.16722060501006e-05	0.000174197133275554	-2.41982110627991	0.0767348112380348	-31.5348544844075	2.89255082019364e-218	-2.57021857266693	-2.26942363989288	0.0889375264012929	0.0765188186737048	0.103371742265264
Luoma Tissue CD4 T cells	5	Case	3.16722060501006e-05	0.000174197133275554	0.662809680276108	0.117233087538375	5.65377654204615	1.56960246985489e-08	0.433037050904461	0.892582309647754	1.94023612633854	1.54193334966751	2.44142603619081
Luoma Tissue CD4 T cells	6	(Intercept)	0.00276685736225934	0.00434791871212181	-2.63834526434225	0.106303703652782	-24.8189402032485	5.59940821094823e-136	-2.84669669492493	-2.42999383375958	0.0714794513465477	0.0580357142548728	0.0880373754403217
Luoma Tissue CD4 T cells	6	Case	0.00276685736225934	0.00434791871212181	0.581852660336471	0.166865353585961	3.48695908307131	0.000488546095894234	0.254802577040447	0.908902743632495	1.7893504203587	1.29020687926726	2.48159808964609
Luoma Tissue CD4 T cells	7	(Intercept)	0.00174952510502505	0.00381305309943009	-3.01796419568769	0.147386273563587	-20.4765621839651	3.48396496996115e-93	-3.30683598368789	-2.72909240768749	0.0489006692897664	0.0366318944977741	0.0652785090635267
Luoma Tissue CD4 T cells	7	Case	0.00174952510502505	0.00381305309943009	0.858767423322053	0.232369670669838	3.69569497106287	0.00021928612201781	0.403331237709739	1.31420360893437	2.36024971132153	1.49680260702672	3.72178580772202
Luoma Tissue CD4 T cells	8	(Intercept)	0.689264462526154	0.689264462526154	-2.95792819618195	0.18537745875203	-15.9562452527663	2.57780303105371e-57	-3.32126133888149	-2.59459505348242	0.0519263870930252	0.0361072595287309	0.0746761097831083
Luoma Tissue CD4 T cells	8	Case	0.689264462526154	0.689264462526154	-0.120575449247691	0.300259777972652	-0.401570433648536	0.688000192838588	-0.709073800080081	0.467922901584699	0.886410205839154	0.492099769219978	1.59667429688344
Luoma Tissue CD4 T cells	9	(Intercept)	0.122153301487081	0.149298479595321	-3.22201187469045	0.0947984516035079	-33.9880221690374	3.34859121217524e-253	-3.40781342562349	-3.03621032375741	0.0398747544978246	0.0331135264623652	0.0480165121666783
Luoma Tissue CD4 T cells	9	Case	0.122153301487081	0.149298479595321	0.234846064462079	0.146403531564039	1.60410108931938	0.10869177183028	-0.0520995846129097	0.521791713537068	1.26471406930712	0.949234333002297	1.68504406287579
Luoma Tissue CD4 T cells	10	(Intercept)	0.0130689328461142	0.017969782663407	-3.46809534714312	0.0985487802447519	-35.1916618199626	2.68216153829562e-271	-3.66124740714319	-3.27494328714306	0.031176354279923	0.0257004338180622	0.037819013992837
Luoma Tissue CD4 T cells	10	Case	0.0130689328461142	0.017969782663407	0.41434439077566	0.148434450048224	2.79143009349277	0.00524756917142679	0.123418214616132	0.705270566935188	1.5133782306503	1.13135747225308	2.02439434500319
Luoma Tissue CD4 T cells	11	(Intercept)	3.7697426522151e-06	4.14671691743661e-05	-5.51389375259424	0.196511589221223	-28.0588731404893	3.11328272573206e-173	-5.89904939001257	-5.12873811517592	0.00403038347447368	0.00274205020052787	0.00592403120416374
Luoma Tissue CD4 T cells	11	Case	3.7697426522151e-06	4.14671691743661e-05	1.26034234312406	0.234468347167903	5.37531977491839	7.64468846253378e-08	0.800792827160333	1.71989185908778	3.52662859778217	2.22730609743149	5.58392458092644
